# all00.root_horiz_PerPrimary.csv ,  , Edep_ , Edep_Rayl , Edep_Transportation , Edep_compt , Edep_conv , Edep_e+_LeptsAnnihilation , Edep_e+_LeptsDissocNeutr , Edep_e+_LeptsElastic , Edep_e+_LeptsElectronicExcitation , Edep_e+_LeptsExcitRotat , Edep_e+_LeptsExcitVibrat , Edep_e+_LeptsIonisationD , Edep_e+_LeptsIonisationK , Edep_e+_LeptsIonisationS , Edep_e+_LeptsPositronium , Edep_e-_LeptsAttachment , Edep_e-_LeptsElastic , Edep_e-_LeptsElectronicExcitation , Edep_e-_LeptsExcitRotat , Edep_e-_LeptsIonisationD , Edep_e-_LeptsIonisationK , Edep_e-_LeptsIonisationS , Edep_e-_LeptsThermalisation , Edep_phot , Nproc_ , Nproc_#1_NoPrimaries , Nproc_#2_Edep(MeV) , Nproc_#3_Volume(mm3) , Nproc_#4_Mass(g) , Nproc_#5_Dose(Gy) , Nproc_#6_Charge(Coulomb) , Nproc_#7_NoIonisations , Nproc_Rayl , Nproc_Transportation , Nproc_compt , Nproc_conv , Nproc_e+_LeptsAnnihilation , Nproc_e+_LeptsDissocNeutr , Nproc_e+_LeptsElastic , Nproc_e+_LeptsElectronicExcitation , Nproc_e+_LeptsExcitRotat , Nproc_e+_LeptsExcitVibrat , Nproc_e+_LeptsIonisationD , Nproc_e+_LeptsIonisationK , Nproc_e+_LeptsIonisationS , Nproc_e+_LeptsPositronium , Nproc_e-_LeptsAttachment , Nproc_e-_LeptsElastic , Nproc_e-_LeptsElectronicExcitation , Nproc_e-_LeptsExcitRotat , Nproc_e-_LeptsIonisationD , Nproc_e-_LeptsIonisationK , Nproc_e-_LeptsIonisationS , Nproc_e-_LeptsThermalisation , Nproc_phot ,  ,  ,  ,  ,  ,  ,  ,  ,  ,  ,  ,  ,  ,  ,  ,  ,  ,  ,  ,  ,  ,  ,  ,  ,  ,  ,  ,  ,  ,  ,  ,  ,  ,  ,  ,  ,  ,  ,  ,  ,  , 
0 , 0 , 0 , 0 , 0 , -0.208499 , 0 , -5.68723e-07 , -0.0174527 , -3.86478e-05 , -0.000274668 , -0.000347605 , -6.79958e-07 , -5.30333 , -0.040803 , -1.3635 , -0.000308478 , -7.72552 , -0.600183 , -59.1096 , -52.8793 , -428.234 , -3.29914 , -190.179 , -0.106544 , -0.0150877 , 0 , 1.50017e+08 , 4.99792e-05 , 1.3334e-05 , 1.3334e-08 , 4.00578e-14 , 1.69098e-19 , 1.05543 , 1.98712e-06 , 0.00317511 , 0.000114393 , 5.42208e-07 , 8.65551e-08 , 1.95312e-05 , 0.0040374 , 1.76988e-06 , 0.00198996 , 1.54293e-07 , 0.000163444 , 7.78869e-05 , 0.007223 , 3.34004e-07 , 0.0691084 , 167.902 , 0.398974 , 302.405 , 0.014479 , 0.00628897 , 1.00619 , 0.792738 , 1.96147e-06 , 0 , 0 , 0 , 0 , 0 , 0 , 0 , 0 , 0 , 0 , 0 , 0 , 0 , 0 , 0 , 0 , 0 , 0 , 0 , 0 , 0 , 0 , 0 , 0 , 0 , 0 , 0 , 0 , 0 , 0 , 0 , 0 , 0 , 0 , 0 , 0 , 0 , 0 , 0 , 0 , 0 , 
# all01.root_horiz_PerPrimary.csv ,  , Edep_ , Edep_Rayl , Edep_Transportation , Edep_compt , Edep_conv , Edep_e+_LeptsAnnihilation , Edep_e+_LeptsDissocNeutr , Edep_e+_LeptsElastic , Edep_e+_LeptsElectronicExcitation , Edep_e+_LeptsExcitRotat , Edep_e+_LeptsExcitVibrat , Edep_e+_LeptsIonisationD , Edep_e+_LeptsIonisationK , Edep_e+_LeptsIonisationS , Edep_e+_LeptsPositronium , Edep_e-_LeptsAttachment , Edep_e-_LeptsElastic , Edep_e-_LeptsElectronicExcitation , Edep_e-_LeptsExcitRotat , Edep_e-_LeptsIonisationD , Edep_e-_LeptsIonisationK , Edep_e-_LeptsIonisationS , Edep_e-_LeptsThermalisation , Edep_phot , Nproc_ , Nproc_#1_NoPrimaries , Nproc_#2_Edep(MeV) , Nproc_#3_Volume(mm3) , Nproc_#4_Mass(g) , Nproc_#5_Dose(Gy) , Nproc_#6_Charge(Coulomb) , Nproc_#7_NoIonisations , Nproc_Rayl , Nproc_Transportation , Nproc_compt , Nproc_conv , Nproc_e+_LeptsAnnihilation , Nproc_e+_LeptsDissocNeutr , Nproc_e+_LeptsElastic , Nproc_e+_LeptsElectronicExcitation , Nproc_e+_LeptsExcitRotat , Nproc_e+_LeptsExcitVibrat , Nproc_e+_LeptsIonisationD , Nproc_e+_LeptsIonisationK , Nproc_e+_LeptsIonisationS , Nproc_e+_LeptsPositronium , Nproc_e-_LeptsAttachment , Nproc_e-_LeptsElastic , Nproc_e-_LeptsElectronicExcitation , Nproc_e-_LeptsExcitRotat , Nproc_e-_LeptsIonisationD , Nproc_e-_LeptsIonisationK , Nproc_e-_LeptsIonisationS , Nproc_e-_LeptsThermalisation , Nproc_phot ,  ,  ,  ,  ,  ,  ,  ,  ,  ,  ,  ,  ,  ,  ,  ,  ,  ,  ,  ,  ,  ,  ,  ,  ,  ,  ,  ,  ,  ,  ,  ,  ,  ,  ,  ,  ,  ,  ,  ,  ,  , 
0 , 0 , 0 , 0 , 0 , -0.20568 , 0 , -1.98801e-08 , -0.0189127 , -4.49003e-05 , -0.00035219 , -0.000409953 , -9.35848e-07 , -6.28234 , -0.0488075 , -1.60813 , -0.000296022 , -7.70412 , -0.598573 , -58.8757 , -52.7392 , -424.349 , -3.27551 , -189.222 , -0.106257 , -0.0128253 , 0 , 1.50207e+08 , 4.96179e-05 , 1.33122e-05 , 1.33122e-08 , 3.97683e-14 , 1.6816e-19 , 1.04957 , 1.70699e-06 , 0.00317671 , 0.000112867 , 5.39939e-07 , 8.05744e-08 , 2.14555e-05 , 0.00473257 , 2.27493e-06 , 0.00234065 , 2.41164e-07 , 0.000192003 , 9.28929e-05 , 0.00849423 , 3.53042e-07 , 0.0687967 , 167.155 , 0.396696 , 301.06 , 0.0143569 , 0.00623252 , 0.999329 , 0.789205 , 1.66829e-06 , 0 , 0 , 0 , 0 , 0 , 0 , 0 , 0 , 0 , 0 , 0 , 0 , 0 , 0 , 0 , 0 , 0 , 0 , 0 , 0 , 0 , 0 , 0 , 0 , 0 , 0 , 0 , 0 , 0 , 0 , 0 , 0 , 0 , 0 , 0 , 0 , 0 , 0 , 0 , 0 , 0 , 
# all02.root_horiz_PerPrimary.csv ,  , Edep_ , Edep_Rayl , Edep_Transportation , Edep_compt , Edep_conv , Edep_e+_LeptsAnnihilation , Edep_e+_LeptsDissocNeutr , Edep_e+_LeptsElastic , Edep_e+_LeptsElectronicExcitation , Edep_e+_LeptsExcitRotat , Edep_e+_LeptsExcitVibrat , Edep_e+_LeptsIonisationD , Edep_e+_LeptsIonisationK , Edep_e+_LeptsIonisationS , Edep_e+_LeptsPositronium , Edep_e-_LeptsAttachment , Edep_e-_LeptsElastic , Edep_e-_LeptsElectronicExcitation , Edep_e-_LeptsExcitRotat , Edep_e-_LeptsIonisationD , Edep_e-_LeptsIonisationK , Edep_e-_LeptsIonisationS , Edep_e-_LeptsThermalisation , Edep_phot , Nproc_ , Nproc_#1_NoPrimaries , Nproc_#2_Edep(MeV) , Nproc_#3_Volume(mm3) , Nproc_#4_Mass(g) , Nproc_#5_Dose(Gy) , Nproc_#6_Charge(Coulomb) , Nproc_#7_NoIonisations , Nproc_Rayl , Nproc_Transportation , Nproc_compt , Nproc_conv , Nproc_e+_LeptsAnnihilation , Nproc_e+_LeptsDissocNeutr , Nproc_e+_LeptsElastic , Nproc_e+_LeptsElectronicExcitation , Nproc_e+_LeptsExcitRotat , Nproc_e+_LeptsExcitVibrat , Nproc_e+_LeptsIonisationD , Nproc_e+_LeptsIonisationK , Nproc_e+_LeptsIonisationS , Nproc_e+_LeptsPositronium , Nproc_e-_LeptsAttachment , Nproc_e-_LeptsElastic , Nproc_e-_LeptsElectronicExcitation , Nproc_e-_LeptsExcitRotat , Nproc_e-_LeptsIonisationD , Nproc_e-_LeptsIonisationK , Nproc_e-_LeptsIonisationS , Nproc_e-_LeptsThermalisation , Nproc_phot ,  ,  ,  ,  ,  ,  ,  ,  ,  ,  ,  ,  ,  ,  ,  ,  ,  ,  ,  ,  ,  ,  ,  ,  ,  ,  ,  ,  ,  ,  ,  ,  ,  ,  ,  ,  ,  ,  ,  ,  ,  , 
0 , 0 , 0 , 0 , 0 , -0.204432 , 0 , -6.34132e-07 , -0.0181667 , -3.89022e-05 , -0.000306973 , -0.000356711 , -1.47442e-06 , -5.37888 , -0.041531 , -1.39559 , -0.000315612 , -7.69329 , -0.598387 , -58.9161 , -52.7208 , -425.543 , -3.28332 , -189.483 , -0.106213 , -0.0122792 , 0 , 1.50044e+08 , 4.97003e-05 , 1.33277e-05 , 1.33277e-08 , 3.98343e-14 , 1.68399e-19 , 1.05106 , 1.80194e-06 , 0.00317767 , 0.000113765 , 5.38908e-07 , 1.26001e-07 , 2.00303e-05 , 0.00416078 , 1.96055e-06 , 0.00204005 , 3.3051e-07 , 0.000166746 , 7.91458e-05 , 0.00738319 , 3.33612e-07 , 0.0687918 , 167.297 , 0.397423 , 301.31 , 0.0143922 , 0.00625487 , 1.00189 , 0.789813 , 1.58643e-06 , 0 , 0 , 0 , 0 , 0 , 0 , 0 , 0 , 0 , 0 , 0 , 0 , 0 , 0 , 0 , 0 , 0 , 0 , 0 , 0 , 0 , 0 , 0 , 0 , 0 , 0 , 0 , 0 , 0 , 0 , 0 , 0 , 0 , 0 , 0 , 0 , 0 , 0 , 0 , 0 , 0 , 
# all03.root_horiz_PerPrimary.csv ,  , Edep_ , Edep_Rayl , Edep_Transportation , Edep_compt , Edep_conv , Edep_e+_LeptsAnnihilation , Edep_e+_LeptsDissocNeutr , Edep_e+_LeptsElastic , Edep_e+_LeptsElectronicExcitation , Edep_e+_LeptsExcitRotat , Edep_e+_LeptsExcitVibrat , Edep_e+_LeptsIonisationD , Edep_e+_LeptsIonisationK , Edep_e+_LeptsIonisationS , Edep_e+_LeptsPositronium , Edep_e-_LeptsAttachment , Edep_e-_LeptsElastic , Edep_e-_LeptsElectronicExcitation , Edep_e-_LeptsExcitRotat , Edep_e-_LeptsIonisationD , Edep_e-_LeptsIonisationK , Edep_e-_LeptsIonisationS , Edep_e-_LeptsThermalisation , Edep_phot , Nproc_ , Nproc_#1_NoPrimaries , Nproc_#2_Edep(MeV) , Nproc_#3_Volume(mm3) , Nproc_#4_Mass(g) , Nproc_#5_Dose(Gy) , Nproc_#6_Charge(Coulomb) , Nproc_#7_NoIonisations , Nproc_Rayl , Nproc_Transportation , Nproc_compt , Nproc_conv , Nproc_e+_LeptsAnnihilation , Nproc_e+_LeptsDissocNeutr , Nproc_e+_LeptsElastic , Nproc_e+_LeptsElectronicExcitation , Nproc_e+_LeptsExcitRotat , Nproc_e+_LeptsExcitVibrat , Nproc_e+_LeptsIonisationD , Nproc_e+_LeptsIonisationK , Nproc_e+_LeptsIonisationS , Nproc_e+_LeptsPositronium , Nproc_e-_LeptsAttachment , Nproc_e-_LeptsElastic , Nproc_e-_LeptsElectronicExcitation , Nproc_e-_LeptsExcitRotat , Nproc_e-_LeptsIonisationD , Nproc_e-_LeptsIonisationK , Nproc_e-_LeptsIonisationS , Nproc_e-_LeptsThermalisation , Nproc_phot ,  ,  ,  ,  ,  ,  ,  ,  ,  ,  ,  ,  ,  ,  ,  ,  ,  ,  ,  ,  ,  ,  ,  ,  ,  ,  ,  ,  ,  ,  ,  ,  ,  ,  ,  ,  ,  ,  ,  ,  ,  , 
0 , 0 , 0 , 0 , 0 , -0.195864 , 0 , -6.11417e-07 , -0.016237 , -3.79858e-05 , -0.000301303 , -0.000348122 , -1.24836e-06 , -5.33879 , -0.0412965 , -1.35424 , -0.000234934 , -7.67608 , -0.596496 , -58.6757 , -52.5501 , -425.092 , -3.27886 , -188.812 , -0.105898 , -0.014398 , 0 , 1.53614e+08 , 4.84625e-05 , 1.30223e-05 , 1.30223e-08 , 3.88423e-14 , 1.63963e-19 , 1.02338 , 1.90275e-06 , 0.00312992 , 0.00011045 , 4.65358e-07 , 1.29786e-07 , 1.86759e-05 , 0.00392678 , 1.8902e-06 , 0.00194565 , 2.92556e-07 , 0.000160702 , 7.69273e-05 , 0.00700399 , 2.80918e-07 , 0.0670675 , 162.982 , 0.386817 , 293.533 , 0.0140258 , 0.00610426 , 0.975636 , 0.76942 , 1.85163e-06 , 0 , 0 , 0 , 0 , 0 , 0 , 0 , 0 , 0 , 0 , 0 , 0 , 0 , 0 , 0 , 0 , 0 , 0 , 0 , 0 , 0 , 0 , 0 , 0 , 0 , 0 , 0 , 0 , 0 , 0 , 0 , 0 , 0 , 0 , 0 , 0 , 0 , 0 , 0 , 0 , 0 , 
# all04.root_horiz_PerPrimary.csv ,  , Edep_ , Edep_Rayl , Edep_Transportation , Edep_compt , Edep_conv , Edep_e+_LeptsAnnihilation , Edep_e+_LeptsDissocNeutr , Edep_e+_LeptsElastic , Edep_e+_LeptsElectronicExcitation , Edep_e+_LeptsExcitRotat , Edep_e+_LeptsExcitVibrat , Edep_e+_LeptsIonisationD , Edep_e+_LeptsIonisationK , Edep_e+_LeptsIonisationS , Edep_e+_LeptsPositronium , Edep_e-_LeptsAttachment , Edep_e-_LeptsElastic , Edep_e-_LeptsElectronicExcitation , Edep_e-_LeptsExcitRotat , Edep_e-_LeptsIonisationD , Edep_e-_LeptsIonisationK , Edep_e-_LeptsIonisationS , Edep_e-_LeptsThermalisation , Edep_phot , Nproc_ , Nproc_#1_NoPrimaries , Nproc_#2_Edep(MeV) , Nproc_#3_Volume(mm3) , Nproc_#4_Mass(g) , Nproc_#5_Dose(Gy) , Nproc_#6_Charge(Coulomb) , Nproc_#7_NoIonisations , Nproc_Rayl , Nproc_Transportation , Nproc_compt , Nproc_conv , Nproc_e+_LeptsAnnihilation , Nproc_e+_LeptsDissocNeutr , Nproc_e+_LeptsElastic , Nproc_e+_LeptsElectronicExcitation , Nproc_e+_LeptsExcitRotat , Nproc_e+_LeptsExcitVibrat , Nproc_e+_LeptsIonisationD , Nproc_e+_LeptsIonisationK , Nproc_e+_LeptsIonisationS , Nproc_e+_LeptsPositronium , Nproc_e-_LeptsAttachment , Nproc_e-_LeptsElastic , Nproc_e-_LeptsElectronicExcitation , Nproc_e-_LeptsExcitRotat , Nproc_e-_LeptsIonisationD , Nproc_e-_LeptsIonisationK , Nproc_e-_LeptsIonisationS , Nproc_e-_LeptsThermalisation , Nproc_phot ,  ,  ,  ,  ,  ,  ,  ,  ,  ,  ,  ,  ,  ,  ,  ,  ,  ,  ,  ,  ,  ,  ,  ,  ,  ,  ,  ,  ,  ,  ,  ,  ,  ,  ,  ,  ,  ,  ,  ,  ,  , 
0 , 0 , 0 , 0 , 0 , -0.202608 , 0 , -3.35371e-08 , -0.019385 , -4.33327e-05 , -0.000366806 , -0.000393222 , -1.00387e-06 , -6.09173 , -0.0476175 , -1.54486 , -0.000410276 , -7.77727 , -0.604645 , -59.6101 , -53.273 , -432.798 , -3.32822 , -191.801 , -0.107325 , -0.01444 , 0 , 1.54882e+08 , 4.89171e-05 , 1.29139e-05 , 1.29139e-08 , 3.92066e-14 , 1.65298e-19 , 1.03171 , 1.71602e-06 , 0.0031195 , 0.00011022 , 6.12719e-07 , 7.04388e-08 , 2.21217e-05 , 0.00438627 , 2.30511e-06 , 0.00218075 , 2.12932e-07 , 0.000179926 , 8.80245e-05 , 0.00792666 , 4.00484e-07 , 0.0673825 , 163.815 , 0.389598 , 295.046 , 0.0141679 , 0.00614258 , 0.982626 , 0.77343 , 1.82055e-06 , 0 , 0 , 0 , 0 , 0 , 0 , 0 , 0 , 0 , 0 , 0 , 0 , 0 , 0 , 0 , 0 , 0 , 0 , 0 , 0 , 0 , 0 , 0 , 0 , 0 , 0 , 0 , 0 , 0 , 0 , 0 , 0 , 0 , 0 , 0 , 0 , 0 , 0 , 0 , 0 , 0 , 
# all05.root_horiz_PerPrimary.csv ,  , Edep_ , Edep_Rayl , Edep_Transportation , Edep_compt , Edep_conv , Edep_e+_LeptsAnnihilation , Edep_e+_LeptsDissocNeutr , Edep_e+_LeptsElastic , Edep_e+_LeptsElectronicExcitation , Edep_e+_LeptsExcitRotat , Edep_e+_LeptsExcitVibrat , Edep_e+_LeptsIonisationD , Edep_e+_LeptsIonisationK , Edep_e+_LeptsIonisationS , Edep_e+_LeptsPositronium , Edep_e-_LeptsAttachment , Edep_e-_LeptsElastic , Edep_e-_LeptsElectronicExcitation , Edep_e-_LeptsExcitRotat , Edep_e-_LeptsIonisationD , Edep_e-_LeptsIonisationK , Edep_e-_LeptsIonisationS , Edep_e-_LeptsThermalisation , Edep_phot , Nproc_ , Nproc_#1_NoPrimaries , Nproc_#2_Edep(MeV) , Nproc_#3_Volume(mm3) , Nproc_#4_Mass(g) , Nproc_#5_Dose(Gy) , Nproc_#6_Charge(Coulomb) , Nproc_#7_NoIonisations , Nproc_Rayl , Nproc_Transportation , Nproc_compt , Nproc_conv , Nproc_e+_LeptsAnnihilation , Nproc_e+_LeptsDissocNeutr , Nproc_e+_LeptsElastic , Nproc_e+_LeptsElectronicExcitation , Nproc_e+_LeptsExcitRotat , Nproc_e+_LeptsExcitVibrat , Nproc_e+_LeptsIonisationD , Nproc_e+_LeptsIonisationK , Nproc_e+_LeptsIonisationS , Nproc_e+_LeptsPositronium , Nproc_e-_LeptsAttachment , Nproc_e-_LeptsElastic , Nproc_e-_LeptsElectronicExcitation , Nproc_e-_LeptsExcitRotat , Nproc_e-_LeptsIonisationD , Nproc_e-_LeptsIonisationK , Nproc_e-_LeptsIonisationS , Nproc_e-_LeptsThermalisation , Nproc_phot ,  ,  ,  ,  ,  ,  ,  ,  ,  ,  ,  ,  ,  ,  ,  ,  ,  ,  ,  ,  ,  ,  ,  ,  ,  ,  ,  ,  ,  ,  ,  ,  ,  ,  ,  ,  ,  ,  ,  ,  ,  , 
0 , 0 , 0 , 0 , 0 , -0.201125 , 0 , -4.6069e-07 , -0.0148623 , -4.02202e-05 , -0.0003184 , -0.000372409 , -3.42892e-07 , -5.76397 , -0.0446872 , -1.46284 , -0.000244458 , -7.96755 , -0.619173 , -60.935 , -54.5521 , -441.466 , -3.39821 , -195.958 , -0.109946 , -0.0136968 , 0 , 1.45709e+08 , 4.77512e-05 , 1.2354e-05 , 1.2354e-08 , 3.82722e-14 , 1.61471e-19 , 1.00782 , 1.61787e-06 , 0.0029926 , 0.000104128 , 4.98668e-07 , 5.55637e-08 , 1.69154e-05 , 0.00397139 , 1.86538e-06 , 0.00197977 , 1.03364e-07 , 0.00016285 , 7.91581e-05 , 0.00719044 , 2.8168e-07 , 0.0660397 , 160.474 , 0.381038 , 289.023 , 0.0138131 , 0.00600154 , 0.960519 , 0.757645 , 1.62694e-06 , 0 , 0 , 0 , 0 , 0 , 0 , 0 , 0 , 0 , 0 , 0 , 0 , 0 , 0 , 0 , 0 , 0 , 0 , 0 , 0 , 0 , 0 , 0 , 0 , 0 , 0 , 0 , 0 , 0 , 0 , 0 , 0 , 0 , 0 , 0 , 0 , 0 , 0 , 0 , 0 , 0 , 
# all06.root_horiz_PerPrimary.csv ,  , Edep_ , Edep_Rayl , Edep_Transportation , Edep_compt , Edep_conv , Edep_e+_LeptsAnnihilation , Edep_e+_LeptsDissocNeutr , Edep_e+_LeptsElastic , Edep_e+_LeptsElectronicExcitation , Edep_e+_LeptsExcitRotat , Edep_e+_LeptsExcitVibrat , Edep_e+_LeptsIonisationD , Edep_e+_LeptsIonisationK , Edep_e+_LeptsIonisationS , Edep_e+_LeptsPositronium , Edep_e-_LeptsAttachment , Edep_e-_LeptsElastic , Edep_e-_LeptsElectronicExcitation , Edep_e-_LeptsExcitRotat , Edep_e-_LeptsIonisationD , Edep_e-_LeptsIonisationK , Edep_e-_LeptsIonisationS , Edep_e-_LeptsThermalisation , Edep_phot , Nproc_ , Nproc_#1_NoPrimaries , Nproc_#2_Edep(MeV) , Nproc_#3_Volume(mm3) , Nproc_#4_Mass(g) , Nproc_#5_Dose(Gy) , Nproc_#6_Charge(Coulomb) , Nproc_#7_NoIonisations , Nproc_Rayl , Nproc_Transportation , Nproc_compt , Nproc_conv , Nproc_e+_LeptsAnnihilation , Nproc_e+_LeptsDissocNeutr , Nproc_e+_LeptsElastic , Nproc_e+_LeptsElectronicExcitation , Nproc_e+_LeptsExcitRotat , Nproc_e+_LeptsExcitVibrat , Nproc_e+_LeptsIonisationD , Nproc_e+_LeptsIonisationK , Nproc_e+_LeptsIonisationS , Nproc_e+_LeptsPositronium , Nproc_e-_LeptsAttachment , Nproc_e-_LeptsElastic , Nproc_e-_LeptsElectronicExcitation , Nproc_e-_LeptsExcitRotat , Nproc_e-_LeptsIonisationD , Nproc_e-_LeptsIonisationK , Nproc_e-_LeptsIonisationS , Nproc_e-_LeptsThermalisation , Nproc_phot ,  ,  ,  ,  ,  ,  ,  ,  ,  ,  ,  ,  ,  ,  ,  ,  ,  ,  ,  ,  ,  ,  ,  ,  ,  ,  ,  ,  ,  ,  ,  ,  ,  ,  ,  ,  ,  ,  ,  ,  ,  , 
0 , 0 , 0 , 0 , 0 , -0.218144 , 0 , -1.99807e-08 , -0.0149688 , -3.79718e-05 , -0.000305852 , -0.000350743 , -4.43681e-07 , -5.45717 , -0.0419883 , -1.37863 , -0.000353781 , -8.21266 , -0.638499 , -62.7409 , -56.2566 , -455.594 , -3.50537 , -201.792 , -0.113344 , -0.0141276 , 0 , 1.67609e+08 , 4.2774e-05 , 1.07407e-05 , 1.07407e-08 , 3.4283e-14 , 1.44473e-19 , 0.901732 , 1.46051e-06 , 0.00273757 , 9.71623e-05 , 4.45056e-07 , 4.74092e-08 , 1.399e-05 , 0.00325543 , 1.58437e-06 , 0.00161257 , 8.2846e-08 , 0.000133727 , 6.43654e-05 , 0.00586524 , 2.62546e-07 , 0.0591769 , 143.88 , 0.341131 , 259.138 , 0.0123803 , 0.00538217 , 0.859945 , 0.679254 , 1.48272e-06 , 0 , 0 , 0 , 0 , 0 , 0 , 0 , 0 , 0 , 0 , 0 , 0 , 0 , 0 , 0 , 0 , 0 , 0 , 0 , 0 , 0 , 0 , 0 , 0 , 0 , 0 , 0 , 0 , 0 , 0 , 0 , 0 , 0 , 0 , 0 , 0 , 0 , 0 , 0 , 0 , 0 , 
# all07.root_horiz_PerPrimary.csv ,  , Edep_ , Edep_Rayl , Edep_Transportation , Edep_compt , Edep_conv , Edep_e+_LeptsAnnihilation , Edep_e+_LeptsDissocNeutr , Edep_e+_LeptsElastic , Edep_e+_LeptsElectronicExcitation , Edep_e+_LeptsExcitRotat , Edep_e+_LeptsExcitVibrat , Edep_e+_LeptsIonisationD , Edep_e+_LeptsIonisationK , Edep_e+_LeptsIonisationS , Edep_e+_LeptsPositronium , Edep_e-_LeptsAttachment , Edep_e-_LeptsElastic , Edep_e-_LeptsElectronicExcitation , Edep_e-_LeptsExcitRotat , Edep_e-_LeptsIonisationD , Edep_e-_LeptsIonisationK , Edep_e-_LeptsIonisationS , Edep_e-_LeptsThermalisation , Edep_phot , Nproc_ , Nproc_#1_NoPrimaries , Nproc_#2_Edep(MeV) , Nproc_#3_Volume(mm3) , Nproc_#4_Mass(g) , Nproc_#5_Dose(Gy) , Nproc_#6_Charge(Coulomb) , Nproc_#7_NoIonisations , Nproc_Rayl , Nproc_Transportation , Nproc_compt , Nproc_conv , Nproc_e+_LeptsAnnihilation , Nproc_e+_LeptsDissocNeutr , Nproc_e+_LeptsElastic , Nproc_e+_LeptsElectronicExcitation , Nproc_e+_LeptsExcitRotat , Nproc_e+_LeptsExcitVibrat , Nproc_e+_LeptsIonisationD , Nproc_e+_LeptsIonisationK , Nproc_e+_LeptsIonisationS , Nproc_e+_LeptsPositronium , Nproc_e-_LeptsAttachment , Nproc_e-_LeptsElastic , Nproc_e-_LeptsElectronicExcitation , Nproc_e-_LeptsExcitRotat , Nproc_e-_LeptsIonisationD , Nproc_e-_LeptsIonisationK , Nproc_e-_LeptsIonisationS , Nproc_e-_LeptsThermalisation , Nproc_phot ,  ,  ,  ,  ,  ,  ,  ,  ,  ,  ,  ,  ,  ,  ,  ,  ,  ,  ,  ,  ,  ,  ,  ,  ,  ,  ,  ,  ,  ,  ,  ,  ,  ,  ,  ,  ,  ,  ,  ,  ,  , 
0 , 0 , 0 , 0 , 0 , -0.397589 , 0 , -1.88776e-07 , -0.010498 , -1.80636e-05 , -0.000156781 , -0.000160471 , -5.74818e-07 , -2.37862 , -0.0182 , -0.625684 , -0.000187005 , -5.58885 , -0.434198 , -43.042 , -38.232 , -272.76 , -2.14378 , -136.268 , -0.0770416 , -0.0586198 , 0 , 7.40294e+08 , 6.78735e-06 , 2.70156e-06 , 2.70156e-09 , 5.44e-15 , 2.44569e-20 , 0.152648 , 1.39742e-06 , 0.000997772 , 4.61952e-05 , 1.73831e-08 , 1.34646e-08 , 2.38557e-06 , 0.000384871 , 2.04329e-07 , 0.000185447 , 3.49857e-08 , 1.52382e-05 , 7.00678e-06 , 0.000668905 , 3.94172e-08 , 0.0101305 , 24.6027 , 0.0588536 , 44.3059 , 0.0020908 , 0.000828089 , 0.146097 , 0.116141 , 1.54718e-06 , 0 , 0 , 0 , 0 , 0 , 0 , 0 , 0 , 0 , 0 , 0 , 0 , 0 , 0 , 0 , 0 , 0 , 0 , 0 , 0 , 0 , 0 , 0 , 0 , 0 , 0 , 0 , 0 , 0 , 0 , 0 , 0 , 0 , 0 , 0 , 0 , 0 , 0 , 0 , 0 , 0 , 
# all08.root_horiz_PerPrimary.csv ,  , Edep_ , Edep_Rayl , Edep_Transportation , Edep_compt , Edep_conv , Edep_e+_LeptsAnnihilation , Edep_e+_LeptsDissocNeutr , Edep_e+_LeptsElastic , Edep_e+_LeptsElectronicExcitation , Edep_e+_LeptsExcitRotat , Edep_e+_LeptsExcitVibrat , Edep_e+_LeptsIonisationD , Edep_e+_LeptsIonisationK , Edep_e+_LeptsIonisationS , Edep_e+_LeptsPositronium , Edep_e-_LeptsAttachment , Edep_e-_LeptsElastic , Edep_e-_LeptsElectronicExcitation , Edep_e-_LeptsExcitRotat , Edep_e-_LeptsIonisationD , Edep_e-_LeptsIonisationK , Edep_e-_LeptsIonisationS , Edep_e-_LeptsThermalisation , Edep_phot , Nproc_ , Nproc_#1_NoPrimaries , Nproc_#2_Edep(MeV) , Nproc_#3_Volume(mm3) , Nproc_#4_Mass(g) , Nproc_#5_Dose(Gy) , Nproc_#6_Charge(Coulomb) , Nproc_#7_NoIonisations , Nproc_Rayl , Nproc_Transportation , Nproc_compt , Nproc_conv , Nproc_e+_LeptsAnnihilation , Nproc_e+_LeptsDissocNeutr , Nproc_e+_LeptsElastic , Nproc_e+_LeptsElectronicExcitation , Nproc_e+_LeptsExcitRotat , Nproc_e+_LeptsExcitVibrat , Nproc_e+_LeptsIonisationD , Nproc_e+_LeptsIonisationK , Nproc_e+_LeptsIonisationS , Nproc_e+_LeptsPositronium , Nproc_e-_LeptsAttachment , Nproc_e-_LeptsElastic , Nproc_e-_LeptsElectronicExcitation , Nproc_e-_LeptsExcitRotat , Nproc_e-_LeptsIonisationD , Nproc_e-_LeptsIonisationK , Nproc_e-_LeptsIonisationS , Nproc_e-_LeptsThermalisation , Nproc_phot ,  ,  ,  ,  ,  ,  ,  ,  ,  ,  ,  ,  ,  ,  ,  ,  ,  ,  ,  ,  ,  ,  ,  ,  ,  ,  ,  ,  ,  ,  ,  ,  ,  ,  ,  ,  ,  ,  ,  ,  ,  , 
0 , 0 , 0 , 0 , 0 , -0.577468 , 0 , -4.25545e-07 , -0.00286259 , -5.90855e-06 , -4.06773e-05 , -5.16986e-05 , -1.10744e-07 , -0.799323 , -0.0058975 , -0.202298 , -6.51417e-05 , -6.15113 , -0.478612 , -47.0278 , -42.1474 , -282.848 , -2.23571 , -147.643 , -0.0849269 , -0.0911445 , 0 , 1.23009e+09 , 4.31237e-06 , 1.62549e-06 , 1.62549e-09 , 3.45633e-15 , 1.58764e-20 , 0.0990926 , 1.27731e-06 , 0.000808367 , 4.00734e-05 , 8.97819e-09 , 8.17117e-10 , 3.67563e-07 , 7.41576e-05 , 3.34453e-08 , 3.61137e-05 , 3.2102e-09 , 3.0352e-06 , 1.3733e-06 , 0.000130676 , 6.43943e-09 , 0.00670774 , 16.3135 , 0.0386944 , 29.3799 , 0.00135038 , 0.000519441 , 0.0952134 , 0.0770225 , 1.44126e-06 , 0 , 0 , 0 , 0 , 0 , 0 , 0 , 0 , 0 , 0 , 0 , 0 , 0 , 0 , 0 , 0 , 0 , 0 , 0 , 0 , 0 , 0 , 0 , 0 , 0 , 0 , 0 , 0 , 0 , 0 , 0 , 0 , 0 , 0 , 0 , 0 , 0 , 0 , 0 , 0 , 0 , 
# all09.root_horiz_PerPrimary.csv ,  , Edep_ , Edep_Rayl , Edep_Transportation , Edep_compt , Edep_conv , Edep_e+_LeptsDissocNeutr , Edep_e+_LeptsElastic , Edep_e+_LeptsElectronicExcitation , Edep_e+_LeptsExcitRotat , Edep_e+_LeptsIonisationD , Edep_e+_LeptsIonisationK , Edep_e+_LeptsIonisationS , Edep_e+_LeptsPositronium , Edep_e-_LeptsAttachment , Edep_e-_LeptsElastic , Edep_e-_LeptsElectronicExcitation , Edep_e-_LeptsExcitRotat , Edep_e-_LeptsIonisationD , Edep_e-_LeptsIonisationK , Edep_e-_LeptsIonisationS , Edep_e-_LeptsThermalisation , Edep_phot , Nproc_ , Nproc_#1_NoPrimaries , Nproc_#2_Edep(MeV) , Nproc_#3_Volume(mm3) , Nproc_#4_Mass(g) , Nproc_#5_Dose(Gy) , Nproc_#6_Charge(Coulomb) , Nproc_#7_NoIonisations , Nproc_Rayl , Nproc_Transportation , Nproc_compt , Nproc_conv , Nproc_e+_LeptsDissocNeutr , Nproc_e+_LeptsElastic , Nproc_e+_LeptsElectronicExcitation , Nproc_e+_LeptsExcitRotat , Nproc_e+_LeptsIonisationD , Nproc_e+_LeptsIonisationK , Nproc_e+_LeptsIonisationS , Nproc_e+_LeptsPositronium , Nproc_e-_LeptsAttachment , Nproc_e-_LeptsElastic , Nproc_e-_LeptsElectronicExcitation , Nproc_e-_LeptsExcitRotat , Nproc_e-_LeptsIonisationD , Nproc_e-_LeptsIonisationK , Nproc_e-_LeptsIonisationS , Nproc_e-_LeptsThermalisation , Nproc_phot ,  ,  ,  ,  ,  ,  ,  ,  ,  ,  ,  ,  ,  ,  ,  ,  ,  ,  ,  ,  ,  ,  ,  ,  ,  ,  ,  ,  ,  ,  ,  ,  ,  ,  ,  ,  ,  ,  ,  ,  ,  ,  ,  ,  ,  , 
0 , 0 , 0 , 0 , 0 , -0.754775 , 0 , -0.00226391 , -4.61902e-06 , -3.30862e-05 , -4.15016e-05 , -0.645455 , -0.004949 , -0.163436 , -7.45317e-05 , -7.04647 , -0.548165 , -53.7655 , -48.2693 , -316.13 , -2.50415 , -168.286 , -0.0972753 , -0.132452 , 0 , 1.85018e+09 , 3.23565e-06 , 1.08077e-06 , 1.08077e-09 , 2.59335e-15 , 1.20249e-20 , 0.0750538 , 1.22361e-06 , 0.000676674 , 3.45681e-05 , 8.11919e-09 , 1.94762e-07 , 3.97042e-05 , 1.79029e-08 , 1.93407e-05 , 1.63089e-06 , 7.68526e-07 , 7.04379e-05 , 4.34048e-09 , 0.00510918 , 12.4224 , 0.0294156 , 22.3725 , 0.00102091 , 0.000386904 , 0.0721629 , 0.0586477 , 1.39984e-06 , 0 , 0 , 0 , 0 , 0 , 0 , 0 , 0 , 0 , 0 , 0 , 0 , 0 , 0 , 0 , 0 , 0 , 0 , 0 , 0 , 0 , 0 , 0 , 0 , 0 , 0 , 0 , 0 , 0 , 0 , 0 , 0 , 0 , 0 , 0 , 0 , 0 , 0 , 0 , 0 , 0 , 0 , 0 , 0 , 0 , 
# all10.root_horiz_PerPrimary.csv ,  , Edep_ , Edep_Rayl , Edep_Transportation , Edep_compt , Edep_conv , Edep_e+_LeptsAnnihilation , Edep_e+_LeptsDissocNeutr , Edep_e+_LeptsElastic , Edep_e+_LeptsElectronicExcitation , Edep_e+_LeptsExcitRotat , Edep_e+_LeptsExcitVibrat , Edep_e+_LeptsIonisationD , Edep_e+_LeptsIonisationK , Edep_e+_LeptsIonisationS , Edep_e+_LeptsPositronium , Edep_e-_LeptsAttachment , Edep_e-_LeptsElastic , Edep_e-_LeptsElectronicExcitation , Edep_e-_LeptsExcitRotat , Edep_e-_LeptsIonisationD , Edep_e-_LeptsIonisationK , Edep_e-_LeptsIonisationS , Edep_e-_LeptsThermalisation , Edep_phot , Nproc_ , Nproc_#1_NoPrimaries , Nproc_#2_Edep(MeV) , Nproc_#3_Volume(mm3) , Nproc_#4_Mass(g) , Nproc_#5_Dose(Gy) , Nproc_#6_Charge(Coulomb) , Nproc_#7_NoIonisations , Nproc_Rayl , Nproc_Transportation , Nproc_compt , Nproc_conv , Nproc_e+_LeptsAnnihilation , Nproc_e+_LeptsDissocNeutr , Nproc_e+_LeptsElastic , Nproc_e+_LeptsElectronicExcitation , Nproc_e+_LeptsExcitRotat , Nproc_e+_LeptsExcitVibrat , Nproc_e+_LeptsIonisationD , Nproc_e+_LeptsIonisationK , Nproc_e+_LeptsIonisationS , Nproc_e+_LeptsPositronium , Nproc_e-_LeptsAttachment , Nproc_e-_LeptsElastic , Nproc_e-_LeptsElectronicExcitation , Nproc_e-_LeptsExcitRotat , Nproc_e-_LeptsIonisationD , Nproc_e-_LeptsIonisationK , Nproc_e-_LeptsIonisationS , Nproc_e-_LeptsThermalisation , Nproc_phot ,  ,  ,  ,  ,  ,  ,  ,  ,  ,  ,  ,  ,  ,  ,  ,  ,  ,  ,  ,  ,  ,  ,  ,  ,  ,  ,  ,  ,  ,  ,  ,  ,  ,  ,  ,  ,  ,  ,  ,  ,  , 
0 , 0 , 0 , 0 , 0 , -0.880964 , 0 , -1.91649e-07 , -0.00216995 , -4.74134e-06 , -4.22416e-05 , -4.47907e-05 , -2.6073e-07 , -0.722479 , -0.005159 , -0.17654 , -6.45216e-05 , -7.26625 , -0.565098 , -55.4521 , -49.7554 , -320.049 , -2.53733 , -173.265 , -0.100284 , -0.165654 , 0 , 2.45378e+09 , 2.49063e-06 , 8.14813e-07 , 8.14813e-10 , 1.99622e-15 , 9.33288e-21 , 0.0582512 , 1.14878e-06 , 0.000577814 , 3.03382e-05 , 6.14969e-09 , 8.23262e-10 , 1.59889e-07 , 3.12056e-05 , 1.75473e-08 , 1.5654e-05 , 4.11956e-09 , 1.34398e-06 , 6.01592e-07 , 5.70975e-05 , 2.84215e-09 , 0.00397146 , 9.65379 , 0.0228731 , 17.386 , 0.000792673 , 0.00029555 , 0.0560138 , 0.045578 , 1.32153e-06 , 0 , 0 , 0 , 0 , 0 , 0 , 0 , 0 , 0 , 0 , 0 , 0 , 0 , 0 , 0 , 0 , 0 , 0 , 0 , 0 , 0 , 0 , 0 , 0 , 0 , 0 , 0 , 0 , 0 , 0 , 0 , 0 , 0 , 0 , 0 , 0 , 0 , 0 , 0 , 0 , 0 , 
# all11.root_horiz_PerPrimary.csv ,  , Edep_ , Edep_Rayl , Edep_Transportation , Edep_compt , Edep_conv , Edep_e+_LeptsAnnihilation , Edep_e+_LeptsDissocNeutr , Edep_e+_LeptsElastic , Edep_e+_LeptsElectronicExcitation , Edep_e+_LeptsExcitRotat , Edep_e+_LeptsExcitVibrat , Edep_e+_LeptsIonisationD , Edep_e+_LeptsIonisationK , Edep_e+_LeptsIonisationS , Edep_e+_LeptsPositronium , Edep_e-_LeptsAttachment , Edep_e-_LeptsElastic , Edep_e-_LeptsElectronicExcitation , Edep_e-_LeptsExcitRotat , Edep_e-_LeptsIonisationD , Edep_e-_LeptsIonisationK , Edep_e-_LeptsIonisationS , Edep_e-_LeptsThermalisation , Edep_phot , Nproc_ , Nproc_#1_NoPrimaries , Nproc_#2_Edep(MeV) , Nproc_#3_Volume(mm3) , Nproc_#4_Mass(g) , Nproc_#5_Dose(Gy) , Nproc_#6_Charge(Coulomb) , Nproc_#7_NoIonisations , Nproc_Rayl , Nproc_Transportation , Nproc_compt , Nproc_conv , Nproc_e+_LeptsAnnihilation , Nproc_e+_LeptsDissocNeutr , Nproc_e+_LeptsElastic , Nproc_e+_LeptsElectronicExcitation , Nproc_e+_LeptsExcitRotat , Nproc_e+_LeptsExcitVibrat , Nproc_e+_LeptsIonisationD , Nproc_e+_LeptsIonisationK , Nproc_e+_LeptsIonisationS , Nproc_e+_LeptsPositronium , Nproc_e-_LeptsAttachment , Nproc_e-_LeptsElastic , Nproc_e-_LeptsElectronicExcitation , Nproc_e-_LeptsExcitRotat , Nproc_e-_LeptsIonisationD , Nproc_e-_LeptsIonisationK , Nproc_e-_LeptsIonisationS , Nproc_e-_LeptsThermalisation , Nproc_phot ,  ,  ,  ,  ,  ,  ,  ,  ,  ,  ,  ,  ,  ,  ,  ,  ,  ,  ,  ,  ,  ,  ,  ,  ,  ,  ,  ,  ,  ,  ,  ,  ,  ,  ,  ,  ,  ,  ,  ,  ,  , 
0 , 0 , 0 , 0 , 0 , -0.907458 , 0 , -3.17754e-08 , -0.00275374 , -6.25806e-06 , -6.15256e-05 , -5.71413e-05 , -7.57386e-08 , -0.894904 , -0.0068285 , -0.22758 , -3.45949e-05 , -7.03149 , -0.546805 , -53.4718 , -48.1503 , -304.048 , -2.41696 , -166.685 , -0.0970043 , -0.18356 , 0 , 2.92908e+09 , 1.99686e-06 , 6.82667e-07 , 6.82667e-10 , 1.60046e-15 , 7.52317e-21 , 0.0469559 , 1.07232e-06 , 0.000497572 , 2.63647e-05 , 4.78951e-09 , 1.02791e-09 , 1.65091e-07 , 3.50138e-05 , 2.05872e-08 , 1.6812e-05 , 1.38914e-09 , 1.42857e-06 , 6.6985e-07 , 6.19478e-05 , 2.37859e-09 , 0.00322023 , 7.827 , 0.0184809 , 14.0965 , 0.000636249 , 0.000235835 , 0.0451456 , 0.0369528 , 1.22296e-06 , 0 , 0 , 0 , 0 , 0 , 0 , 0 , 0 , 0 , 0 , 0 , 0 , 0 , 0 , 0 , 0 , 0 , 0 , 0 , 0 , 0 , 0 , 0 , 0 , 0 , 0 , 0 , 0 , 0 , 0 , 0 , 0 , 0 , 0 , 0 , 0 , 0 , 0 , 0 , 0 , 0 , 
# all12.root_horiz_PerPrimary.csv ,  , Edep_ , Edep_Rayl , Edep_Transportation , Edep_compt , Edep_conv , Edep_e+_LeptsAnnihilation , Edep_e+_LeptsDissocNeutr , Edep_e+_LeptsElastic , Edep_e+_LeptsElectronicExcitation , Edep_e+_LeptsExcitRotat , Edep_e+_LeptsExcitVibrat , Edep_e+_LeptsIonisationD , Edep_e+_LeptsIonisationK , Edep_e+_LeptsIonisationS , Edep_e+_LeptsPositronium , Edep_e-_LeptsAttachment , Edep_e-_LeptsElastic , Edep_e-_LeptsElectronicExcitation , Edep_e-_LeptsExcitRotat , Edep_e-_LeptsIonisationD , Edep_e-_LeptsIonisationK , Edep_e-_LeptsIonisationS , Edep_e-_LeptsThermalisation , Edep_phot , Nproc_ , Nproc_#1_NoPrimaries , Nproc_#2_Edep(MeV) , Nproc_#3_Volume(mm3) , Nproc_#4_Mass(g) , Nproc_#5_Dose(Gy) , Nproc_#6_Charge(Coulomb) , Nproc_#7_NoIonisations , Nproc_Rayl , Nproc_Transportation , Nproc_compt , Nproc_conv , Nproc_e+_LeptsAnnihilation , Nproc_e+_LeptsDissocNeutr , Nproc_e+_LeptsElastic , Nproc_e+_LeptsElectronicExcitation , Nproc_e+_LeptsExcitRotat , Nproc_e+_LeptsExcitVibrat , Nproc_e+_LeptsIonisationD , Nproc_e+_LeptsIonisationK , Nproc_e+_LeptsIonisationS , Nproc_e+_LeptsPositronium , Nproc_e-_LeptsAttachment , Nproc_e-_LeptsElastic , Nproc_e-_LeptsElectronicExcitation , Nproc_e-_LeptsExcitRotat , Nproc_e-_LeptsIonisationD , Nproc_e-_LeptsIonisationK , Nproc_e-_LeptsIonisationS , Nproc_e-_LeptsThermalisation , Nproc_phot ,  ,  ,  ,  ,  ,  ,  ,  ,  ,  ,  ,  ,  ,  ,  ,  ,  ,  ,  ,  ,  ,  ,  ,  ,  ,  ,  ,  ,  ,  ,  ,  ,  ,  ,  ,  ,  ,  ,  ,  ,  , 
0 , 0 , 0 , 0 , 0 , -0.942751 , 0 , -2.59382e-07 , -0.00293626 , -4.79689e-06 , -4.99442e-05 , -4.28111e-05 , -1.48635e-07 , -0.616579 , -0.0047845 , -0.167565 , -9.17635e-05 , -6.65469 , -0.51752 , -50.6064 , -45.5601 , -282.438 , -2.25411 , -157.449 , -0.0917966 , -0.210584 , 0 , 3.44917e+09 , 1.58799e-06 , 5.7969e-07 , 5.7969e-10 , 1.27276e-15 , 6.03183e-21 , 0.0376477 , 9.97741e-07 , 0.000431431 , 2.34855e-05 , 3.7676e-09 , 5.8184e-10 , 1.51966e-07 , 2.25048e-05 , 1.39617e-08 , 1.06443e-05 , 1.45689e-09 , 8.68959e-07 , 3.97083e-07 , 3.85807e-05 , 3.18666e-09 , 0.00258791 , 6.2891 , 0.0148521 , 11.326 , 0.000509991 , 0.000186792 , 0.036213 , 0.0296868 , 1.19386e-06 , 0 , 0 , 0 , 0 , 0 , 0 , 0 , 0 , 0 , 0 , 0 , 0 , 0 , 0 , 0 , 0 , 0 , 0 , 0 , 0 , 0 , 0 , 0 , 0 , 0 , 0 , 0 , 0 , 0 , 0 , 0 , 0 , 0 , 0 , 0 , 0 , 0 , 0 , 0 , 0 , 0 , 
# all13.root_horiz_PerPrimary.csv ,  , Edep_ , Edep_Rayl , Edep_Transportation , Edep_compt , Edep_conv , Edep_e+_LeptsAnnihilation , Edep_e+_LeptsDissocNeutr , Edep_e+_LeptsElastic , Edep_e+_LeptsElectronicExcitation , Edep_e+_LeptsExcitRotat , Edep_e+_LeptsExcitVibrat , Edep_e+_LeptsIonisationD , Edep_e+_LeptsIonisationK , Edep_e+_LeptsIonisationS , Edep_e+_LeptsPositronium , Edep_e-_LeptsAttachment , Edep_e-_LeptsElastic , Edep_e-_LeptsElectronicExcitation , Edep_e-_LeptsExcitRotat , Edep_e-_LeptsIonisationD , Edep_e-_LeptsIonisationK , Edep_e-_LeptsIonisationS , Edep_e-_LeptsThermalisation , Edep_phot , Nproc_ , Nproc_#1_NoPrimaries , Nproc_#2_Edep(MeV) , Nproc_#3_Volume(mm3) , Nproc_#4_Mass(g) , Nproc_#5_Dose(Gy) , Nproc_#6_Charge(Coulomb) , Nproc_#7_NoIonisations , Nproc_Rayl , Nproc_Transportation , Nproc_compt , Nproc_conv , Nproc_e+_LeptsAnnihilation , Nproc_e+_LeptsDissocNeutr , Nproc_e+_LeptsElastic , Nproc_e+_LeptsElectronicExcitation , Nproc_e+_LeptsExcitRotat , Nproc_e+_LeptsExcitVibrat , Nproc_e+_LeptsIonisationD , Nproc_e+_LeptsIonisationK , Nproc_e+_LeptsIonisationS , Nproc_e+_LeptsPositronium , Nproc_e-_LeptsAttachment , Nproc_e-_LeptsElastic , Nproc_e-_LeptsElectronicExcitation , Nproc_e-_LeptsExcitRotat , Nproc_e-_LeptsIonisationD , Nproc_e-_LeptsIonisationK , Nproc_e-_LeptsIonisationS , Nproc_e-_LeptsThermalisation , Nproc_phot ,  ,  ,  ,  ,  ,  ,  ,  ,  ,  ,  ,  ,  ,  ,  ,  ,  ,  ,  ,  ,  ,  ,  ,  ,  ,  ,  ,  ,  ,  ,  ,  ,  ,  ,  ,  ,  ,  ,  ,  ,  , 
0 , 0 , 0 , 0 , 0 , -0.799974 , 0 , -6.58062e-09 , -0.00144477 , -3.56971e-06 , -2.77892e-05 , -3.04207e-05 , -1.44353e-07 , -0.452 , -0.00365556 , -0.119163 , -5.29784e-06 , -5.22479 , -0.406716 , -39.6629 , -35.8074 , -216.308 , -1.73388 , -123.121 , -0.0721442 , -0.189655 , 0 , 2.94714e+09 , 1.29518e-06 , 6.1066e-07 , 6.1066e-10 , 1.03807e-15 , 4.96693e-21 , 0.0310012 , 9.24515e-07 , 0.000376872 , 2.09851e-05 , 2.40333e-09 , 6.84068e-10 , 1.00486e-07 , 1.68932e-05 , 8.20138e-09 , 8.06297e-06 , 1.40172e-09 , 6.56712e-07 , 3.23291e-07 , 2.92024e-05 , 1.35265e-09 , 0.00214023 , 5.20698 , 0.0122634 , 9.37763 , 0.000418383 , 0.000151359 , 0.0298305 , 0.0245795 , 1.13099e-06 , 0 , 0 , 0 , 0 , 0 , 0 , 0 , 0 , 0 , 0 , 0 , 0 , 0 , 0 , 0 , 0 , 0 , 0 , 0 , 0 , 0 , 0 , 0 , 0 , 0 , 0 , 0 , 0 , 0 , 0 , 0 , 0 , 0 , 0 , 0 , 0 , 0 , 0 , 0 , 0 , 0 , 
# all14.root_horiz_PerPrimary.csv ,  , Edep_ , Edep_Rayl , Edep_Transportation , Edep_compt , Edep_conv , Edep_e+_LeptsDissocNeutr , Edep_e+_LeptsElastic , Edep_e+_LeptsElectronicExcitation , Edep_e+_LeptsExcitRotat , Edep_e+_LeptsIonisationD , Edep_e+_LeptsIonisationK , Edep_e+_LeptsIonisationS , Edep_e+_LeptsPositronium , Edep_e-_LeptsAttachment , Edep_e-_LeptsElastic , Edep_e-_LeptsElectronicExcitation , Edep_e-_LeptsExcitRotat , Edep_e-_LeptsIonisationD , Edep_e-_LeptsIonisationK , Edep_e-_LeptsIonisationS , Edep_e-_LeptsThermalisation , Edep_phot , Nproc_ , Nproc_#1_NoPrimaries , Nproc_#2_Edep(MeV) , Nproc_#3_Volume(mm3) , Nproc_#4_Mass(g) , Nproc_#5_Dose(Gy) , Nproc_#6_Charge(Coulomb) , Nproc_#7_NoIonisations , Nproc_Rayl , Nproc_Transportation , Nproc_compt , Nproc_conv , Nproc_e+_LeptsDissocNeutr , Nproc_e+_LeptsElastic , Nproc_e+_LeptsElectronicExcitation , Nproc_e+_LeptsExcitRotat , Nproc_e+_LeptsIonisationD , Nproc_e+_LeptsIonisationK , Nproc_e+_LeptsIonisationS , Nproc_e+_LeptsPositronium , Nproc_e-_LeptsAttachment , Nproc_e-_LeptsElastic , Nproc_e-_LeptsElectronicExcitation , Nproc_e-_LeptsExcitRotat , Nproc_e-_LeptsIonisationD , Nproc_e-_LeptsIonisationK , Nproc_e-_LeptsIonisationS , Nproc_e-_LeptsThermalisation , Nproc_phot ,  ,  ,  ,  ,  ,  ,  ,  ,  ,  ,  ,  ,  ,  ,  ,  ,  ,  ,  ,  ,  ,  ,  ,  ,  ,  ,  ,  ,  ,  ,  ,  ,  ,  ,  ,  ,  ,  ,  ,  ,  ,  ,  ,  ,  , 
0 , 0 , 0 , 0 , 0 , -0.932288 , 0 , -0.0042031 , -7.11043e-06 , -5.19134e-05 , -6.1219e-05 , -0.91743 , -0.00693 , -0.242513 , -6.15836e-05 , -5.7833 , -0.450066 , -43.8276 , -39.6209 , -236.176 , -1.89421 , -135.808 , -0.0798235 , -0.226427 , 0 , 4.31952e+09 , 1.08031e-06 , 4.66424e-07 , 4.66424e-10 , 8.65856e-16 , 4.15961e-21 , 0.0259623 , 8.50726e-07 , 0.000330054 , 1.8644e-05 , 3.45407e-09 , 1.76303e-07 , 2.59559e-05 , 1.21158e-08 , 1.20677e-05 , 1.0114e-06 , 4.54748e-07 , 4.42431e-05 , 3.73244e-09 , 0.00179748 , 4.37124 , 0.010282 , 7.87227 , 0.000349221 , 0.00012551 , 0.0249656 , 0.0206334 , 1.02351e-06 , 0 , 0 , 0 , 0 , 0 , 0 , 0 , 0 , 0 , 0 , 0 , 0 , 0 , 0 , 0 , 0 , 0 , 0 , 0 , 0 , 0 , 0 , 0 , 0 , 0 , 0 , 0 , 0 , 0 , 0 , 0 , 0 , 0 , 0 , 0 , 0 , 0 , 0 , 0 , 0 , 0 , 0 , 0 , 0 , 0 , 
,
# all00.root_horiz_RelError.csv ,  , Edep_ , Edep_Rayl , Edep_Transportation , Edep_compt , Edep_conv , Edep_e+_LeptsAnnihilation , Edep_e+_LeptsDissocNeutr , Edep_e+_LeptsElastic , Edep_e+_LeptsElectronicExcitation , Edep_e+_LeptsExcitRotat , Edep_e+_LeptsExcitVibrat , Edep_e+_LeptsIonisationD , Edep_e+_LeptsIonisationK , Edep_e+_LeptsIonisationS , Edep_e+_LeptsPositronium , Edep_e-_LeptsAttachment , Edep_e-_LeptsElastic , Edep_e-_LeptsElectronicExcitation , Edep_e-_LeptsExcitRotat , Edep_e-_LeptsIonisationD , Edep_e-_LeptsIonisationK , Edep_e-_LeptsIonisationS , Edep_e-_LeptsThermalisation , Edep_phot , Nproc_ , Nproc_#1_NoPrimaries , Nproc_#2_Edep(MeV) , Nproc_#3_Volume(mm3) , Nproc_#4_Mass(g) , Nproc_#5_Dose(Gy) , Nproc_#6_Charge(Coulomb) , Nproc_#7_NoIonisations , Nproc_Rayl , Nproc_Transportation , Nproc_compt , Nproc_conv , Nproc_e+_LeptsAnnihilation , Nproc_e+_LeptsDissocNeutr , Nproc_e+_LeptsElastic , Nproc_e+_LeptsElectronicExcitation , Nproc_e+_LeptsExcitRotat , Nproc_e+_LeptsExcitVibrat , Nproc_e+_LeptsIonisationD , Nproc_e+_LeptsIonisationK , Nproc_e+_LeptsIonisationS , Nproc_e+_LeptsPositronium , Nproc_e-_LeptsAttachment , Nproc_e-_LeptsElastic , Nproc_e-_LeptsElectronicExcitation , Nproc_e-_LeptsExcitRotat , Nproc_e-_LeptsIonisationD , Nproc_e-_LeptsIonisationK , Nproc_e-_LeptsIonisationS , Nproc_e-_LeptsThermalisation , Nproc_phot ,  ,  ,  ,  ,  ,  ,  ,  ,  ,  ,  ,  ,  ,  ,  ,  ,  ,  ,  ,  ,  ,  ,  ,  ,  ,  ,  ,  ,  ,  ,  ,  ,  ,  ,  ,  ,  ,  ,  ,  ,  , 
0 , -nan , -nan , -nan , -nan , -0.0103374 , -nan , -0.701135 , -0.10654 , -0.0753157 , -0.0947387 , -0.0769276 , -0.272547 , -0.0783008 , -0.0821128 , -0.0776885 , -0.224493 , -0.0031994 , -0.0031725 , -0.00306541 , -0.00316417 , -0.00459381 , -0.00381574 , -0.00311982 , -0.0031996 , -0.07349 , -nan , -nan , 0.0114353 , 0.00810106 , 0.00810106 , 0.0114353 , 0.0107188 , 0.0107188 , 0.0445603 , 0.0021185 , 0.00580524 , 0.0765673 , 0.155382 , 0.105798 , 0.0806003 , 0.0955908 , 0.0797356 , 0.262013 , 0.0799776 , 0.0851374 , 0.0805682 , 0.118026 , 0.0110093 , 0.0109881 , 0.0106992 , 0.0109904 , 0.0109078 , 0.0111854 , 0.010624 , 0.0109916 , 0.0700102 , 0 , 0 , 0 , 0 , 0 , 0 , 0 , 0 , 0 , 0 , 0 , 0 , 0 , 0 , 0 , 0 , 0 , 0 , 0 , 0 , 0 , 0 , 0 , 0 , 0 , 0 , 0 , 0 , 0 , 0 , 0 , 0 , 0 , 0 , 0 , 0 , 0 , 0 , 0 , 0 , 0 , 
# all01.root_horiz_RelError.csv ,  , Edep_ , Edep_Rayl , Edep_Transportation , Edep_compt , Edep_conv , Edep_e+_LeptsAnnihilation , Edep_e+_LeptsDissocNeutr , Edep_e+_LeptsElastic , Edep_e+_LeptsElectronicExcitation , Edep_e+_LeptsExcitRotat , Edep_e+_LeptsExcitVibrat , Edep_e+_LeptsIonisationD , Edep_e+_LeptsIonisationK , Edep_e+_LeptsIonisationS , Edep_e+_LeptsPositronium , Edep_e-_LeptsAttachment , Edep_e-_LeptsElastic , Edep_e-_LeptsElectronicExcitation , Edep_e-_LeptsExcitRotat , Edep_e-_LeptsIonisationD , Edep_e-_LeptsIonisationK , Edep_e-_LeptsIonisationS , Edep_e-_LeptsThermalisation , Edep_phot , Nproc_ , Nproc_#1_NoPrimaries , Nproc_#2_Edep(MeV) , Nproc_#3_Volume(mm3) , Nproc_#4_Mass(g) , Nproc_#5_Dose(Gy) , Nproc_#6_Charge(Coulomb) , Nproc_#7_NoIonisations , Nproc_Rayl , Nproc_Transportation , Nproc_compt , Nproc_conv , Nproc_e+_LeptsAnnihilation , Nproc_e+_LeptsDissocNeutr , Nproc_e+_LeptsElastic , Nproc_e+_LeptsElectronicExcitation , Nproc_e+_LeptsExcitRotat , Nproc_e+_LeptsExcitVibrat , Nproc_e+_LeptsIonisationD , Nproc_e+_LeptsIonisationK , Nproc_e+_LeptsIonisationS , Nproc_e+_LeptsPositronium , Nproc_e-_LeptsAttachment , Nproc_e-_LeptsElastic , Nproc_e-_LeptsElectronicExcitation , Nproc_e-_LeptsExcitRotat , Nproc_e-_LeptsIonisationD , Nproc_e-_LeptsIonisationK , Nproc_e-_LeptsIonisationS , Nproc_e-_LeptsThermalisation , Nproc_phot ,  ,  ,  ,  ,  ,  ,  ,  ,  ,  ,  ,  ,  ,  ,  ,  ,  ,  ,  ,  ,  ,  ,  ,  ,  ,  ,  ,  ,  ,  ,  ,  ,  ,  ,  ,  ,  ,  ,  ,  ,  , 
0 , -nan , -nan , -nan , -nan , -0.0224176 , -nan , -0.28736 , -0.105386 , -0.0670039 , -0.0800773 , -0.0630612 , -0.266546 , -0.0610281 , -0.0676387 , -0.0626594 , -0.150762 , -0.00235593 , -0.00240838 , -0.002403 , -0.00242102 , -0.00368073 , -0.00371897 , -0.00261439 , -0.00242778 , -0.0645377 , -nan , -nan , 0.00682937 , 0.00542563 , 0.00542563 , 0.00682937 , 0.00659577 , 0.00659577 , 0.0385493 , 0.00151779 , 0.0086786 , 0.0950328 , 0.289624 , 0.102971 , 0.0659426 , 0.0833736 , 0.0637416 , 0.262367 , 0.0618105 , 0.0685861 , 0.0633574 , 0.111432 , 0.0069179 , 0.00690962 , 0.00666252 , 0.00690538 , 0.00646116 , 0.0070885 , 0.00656354 , 0.00691072 , 0.0647354 , 0 , 0 , 0 , 0 , 0 , 0 , 0 , 0 , 0 , 0 , 0 , 0 , 0 , 0 , 0 , 0 , 0 , 0 , 0 , 0 , 0 , 0 , 0 , 0 , 0 , 0 , 0 , 0 , 0 , 0 , 0 , 0 , 0 , 0 , 0 , 0 , 0 , 0 , 0 , 0 , 0 , 
# all02.root_horiz_RelError.csv ,  , Edep_ , Edep_Rayl , Edep_Transportation , Edep_compt , Edep_conv , Edep_e+_LeptsAnnihilation , Edep_e+_LeptsDissocNeutr , Edep_e+_LeptsElastic , Edep_e+_LeptsElectronicExcitation , Edep_e+_LeptsExcitRotat , Edep_e+_LeptsExcitVibrat , Edep_e+_LeptsIonisationD , Edep_e+_LeptsIonisationK , Edep_e+_LeptsIonisationS , Edep_e+_LeptsPositronium , Edep_e-_LeptsAttachment , Edep_e-_LeptsElastic , Edep_e-_LeptsElectronicExcitation , Edep_e-_LeptsExcitRotat , Edep_e-_LeptsIonisationD , Edep_e-_LeptsIonisationK , Edep_e-_LeptsIonisationS , Edep_e-_LeptsThermalisation , Edep_phot , Nproc_ , Nproc_#1_NoPrimaries , Nproc_#2_Edep(MeV) , Nproc_#3_Volume(mm3) , Nproc_#4_Mass(g) , Nproc_#5_Dose(Gy) , Nproc_#6_Charge(Coulomb) , Nproc_#7_NoIonisations , Nproc_Rayl , Nproc_Transportation , Nproc_compt , Nproc_conv , Nproc_e+_LeptsAnnihilation , Nproc_e+_LeptsDissocNeutr , Nproc_e+_LeptsElastic , Nproc_e+_LeptsElectronicExcitation , Nproc_e+_LeptsExcitRotat , Nproc_e+_LeptsExcitVibrat , Nproc_e+_LeptsIonisationD , Nproc_e+_LeptsIonisationK , Nproc_e+_LeptsIonisationS , Nproc_e+_LeptsPositronium , Nproc_e-_LeptsAttachment , Nproc_e-_LeptsElastic , Nproc_e-_LeptsElectronicExcitation , Nproc_e-_LeptsExcitRotat , Nproc_e-_LeptsIonisationD , Nproc_e-_LeptsIonisationK , Nproc_e-_LeptsIonisationS , Nproc_e-_LeptsThermalisation , Nproc_phot ,  ,  ,  ,  ,  ,  ,  ,  ,  ,  ,  ,  ,  ,  ,  ,  ,  ,  ,  ,  ,  ,  ,  ,  ,  ,  ,  ,  ,  ,  ,  ,  ,  ,  ,  ,  ,  ,  ,  ,  ,  , 
0 , -nan , -nan , -nan , -nan , -0.0157354 , -nan , -0.526148 , -0.0984962 , -0.111086 , -0.109565 , -0.104259 , -0.257032 , -0.107983 , -0.105625 , -0.10786 , -0.388409 , -0.0026168 , -0.00248085 , -0.00241319 , -0.00248041 , -0.00364772 , -0.00353634 , -0.00272268 , -0.00253362 , -0.0415872 , -nan , -nan , 0.00759142 , 0.00610267 , 0.00610267 , 0.00759142 , 0.00737563 , 0.00737563 , 0.050145 , 0.00207678 , 0.00557717 , 0.0726486 , 0.224825 , 0.115432 , 0.10971 , 0.110382 , 0.105215 , 0.237023 , 0.109604 , 0.106373 , 0.108897 , 0.178587 , 0.00771587 , 0.00765816 , 0.00737599 , 0.00766605 , 0.00719065 , 0.00798164 , 0.0074221 , 0.0076937 , 0.0383983 , 0 , 0 , 0 , 0 , 0 , 0 , 0 , 0 , 0 , 0 , 0 , 0 , 0 , 0 , 0 , 0 , 0 , 0 , 0 , 0 , 0 , 0 , 0 , 0 , 0 , 0 , 0 , 0 , 0 , 0 , 0 , 0 , 0 , 0 , 0 , 0 , 0 , 0 , 0 , 0 , 0 , 
# all03.root_horiz_RelError.csv ,  , Edep_ , Edep_Rayl , Edep_Transportation , Edep_compt , Edep_conv , Edep_e+_LeptsAnnihilation , Edep_e+_LeptsDissocNeutr , Edep_e+_LeptsElastic , Edep_e+_LeptsElectronicExcitation , Edep_e+_LeptsExcitRotat , Edep_e+_LeptsExcitVibrat , Edep_e+_LeptsIonisationD , Edep_e+_LeptsIonisationK , Edep_e+_LeptsIonisationS , Edep_e+_LeptsPositronium , Edep_e-_LeptsAttachment , Edep_e-_LeptsElastic , Edep_e-_LeptsElectronicExcitation , Edep_e-_LeptsExcitRotat , Edep_e-_LeptsIonisationD , Edep_e-_LeptsIonisationK , Edep_e-_LeptsIonisationS , Edep_e-_LeptsThermalisation , Edep_phot , Nproc_ , Nproc_#1_NoPrimaries , Nproc_#2_Edep(MeV) , Nproc_#3_Volume(mm3) , Nproc_#4_Mass(g) , Nproc_#5_Dose(Gy) , Nproc_#6_Charge(Coulomb) , Nproc_#7_NoIonisations , Nproc_Rayl , Nproc_Transportation , Nproc_compt , Nproc_conv , Nproc_e+_LeptsAnnihilation , Nproc_e+_LeptsDissocNeutr , Nproc_e+_LeptsElastic , Nproc_e+_LeptsElectronicExcitation , Nproc_e+_LeptsExcitRotat , Nproc_e+_LeptsExcitVibrat , Nproc_e+_LeptsIonisationD , Nproc_e+_LeptsIonisationK , Nproc_e+_LeptsIonisationS , Nproc_e+_LeptsPositronium , Nproc_e-_LeptsAttachment , Nproc_e-_LeptsElastic , Nproc_e-_LeptsElectronicExcitation , Nproc_e-_LeptsExcitRotat , Nproc_e-_LeptsIonisationD , Nproc_e-_LeptsIonisationK , Nproc_e-_LeptsIonisationS , Nproc_e-_LeptsThermalisation , Nproc_phot ,  ,  ,  ,  ,  ,  ,  ,  ,  ,  ,  ,  ,  ,  ,  ,  ,  ,  ,  ,  ,  ,  ,  ,  ,  ,  ,  ,  ,  ,  ,  ,  ,  ,  ,  ,  ,  ,  ,  ,  ,  , 
0 , -nan , -nan , -nan , -nan , -0.0182267 , -nan , -0.3934 , -0.0643958 , -0.0844991 , -0.099724 , -0.0785972 , -0.214421 , -0.08066 , -0.077899 , -0.0802059 , -0.244442 , -0.00450061 , -0.00454342 , -0.00358982 , -0.00458418 , -0.00503512 , -0.00518783 , -0.00366796 , -0.00464509 , -0.0865197 , -nan , -nan , 0.0119603 , 0.0084202 , 0.0084202 , 0.0119603 , 0.0115504 , 0.0115504 , 0.0656669 , 0.00215218 , 0.00860196 , 0.127434 , 0.13642 , 0.0591217 , 0.081513 , 0.106368 , 0.0800781 , 0.18034 , 0.0811558 , 0.0792153 , 0.0816846 , 0.124789 , 0.0126898 , 0.0127502 , 0.011597 , 0.0127675 , 0.0106948 , 0.0121305 , 0.0114151 , 0.0127784 , 0.0751829 , 0 , 0 , 0 , 0 , 0 , 0 , 0 , 0 , 0 , 0 , 0 , 0 , 0 , 0 , 0 , 0 , 0 , 0 , 0 , 0 , 0 , 0 , 0 , 0 , 0 , 0 , 0 , 0 , 0 , 0 , 0 , 0 , 0 , 0 , 0 , 0 , 0 , 0 , 0 , 0 , 0 , 
# all04.root_horiz_RelError.csv ,  , Edep_ , Edep_Rayl , Edep_Transportation , Edep_compt , Edep_conv , Edep_e+_LeptsAnnihilation , Edep_e+_LeptsDissocNeutr , Edep_e+_LeptsElastic , Edep_e+_LeptsElectronicExcitation , Edep_e+_LeptsExcitRotat , Edep_e+_LeptsExcitVibrat , Edep_e+_LeptsIonisationD , Edep_e+_LeptsIonisationK , Edep_e+_LeptsIonisationS , Edep_e+_LeptsPositronium , Edep_e-_LeptsAttachment , Edep_e-_LeptsElastic , Edep_e-_LeptsElectronicExcitation , Edep_e-_LeptsExcitRotat , Edep_e-_LeptsIonisationD , Edep_e-_LeptsIonisationK , Edep_e-_LeptsIonisationS , Edep_e-_LeptsThermalisation , Edep_phot , Nproc_ , Nproc_#1_NoPrimaries , Nproc_#2_Edep(MeV) , Nproc_#3_Volume(mm3) , Nproc_#4_Mass(g) , Nproc_#5_Dose(Gy) , Nproc_#6_Charge(Coulomb) , Nproc_#7_NoIonisations , Nproc_Rayl , Nproc_Transportation , Nproc_compt , Nproc_conv , Nproc_e+_LeptsAnnihilation , Nproc_e+_LeptsDissocNeutr , Nproc_e+_LeptsElastic , Nproc_e+_LeptsElectronicExcitation , Nproc_e+_LeptsExcitRotat , Nproc_e+_LeptsExcitVibrat , Nproc_e+_LeptsIonisationD , Nproc_e+_LeptsIonisationK , Nproc_e+_LeptsIonisationS , Nproc_e+_LeptsPositronium , Nproc_e-_LeptsAttachment , Nproc_e-_LeptsElastic , Nproc_e-_LeptsElectronicExcitation , Nproc_e-_LeptsExcitRotat , Nproc_e-_LeptsIonisationD , Nproc_e-_LeptsIonisationK , Nproc_e-_LeptsIonisationS , Nproc_e-_LeptsThermalisation , Nproc_phot ,  ,  ,  ,  ,  ,  ,  ,  ,  ,  ,  ,  ,  ,  ,  ,  ,  ,  ,  ,  ,  ,  ,  ,  ,  ,  ,  ,  ,  ,  ,  ,  ,  ,  ,  ,  ,  ,  ,  ,  ,  , 
0 , -nan , -nan , -nan , -nan , -0.0152801 , -nan , -0.436306 , -0.0995149 , -0.0920792 , -0.0732428 , -0.0993257 , -0.36865 , -0.102601 , -0.103614 , -0.0999591 , -0.166373 , -0.00268851 , -0.00277435 , -0.00205665 , -0.00281854 , -0.0032036 , -0.00309751 , -0.00206139 , -0.00289105 , -0.0662584 , -nan , -nan , 0.00770317 , 0.00747164 , 0.00747164 , 0.00770317 , 0.00809488 , 0.00809488 , 0.0567634 , 0.00251173 , 0.00906632 , 0.0580456 , 0.32254 , 0.101798 , 0.0995015 , 0.079584 , 0.100772 , 0.342143 , 0.101175 , 0.105497 , 0.101722 , 0.120256 , 0.00993216 , 0.0100392 , 0.00868818 , 0.0100573 , 0.00716645 , 0.00694585 , 0.00797131 , 0.010092 , 0.0706653 , 0 , 0 , 0 , 0 , 0 , 0 , 0 , 0 , 0 , 0 , 0 , 0 , 0 , 0 , 0 , 0 , 0 , 0 , 0 , 0 , 0 , 0 , 0 , 0 , 0 , 0 , 0 , 0 , 0 , 0 , 0 , 0 , 0 , 0 , 0 , 0 , 0 , 0 , 0 , 0 , 0 , 
# all05.root_horiz_RelError.csv ,  , Edep_ , Edep_Rayl , Edep_Transportation , Edep_compt , Edep_conv , Edep_e+_LeptsAnnihilation , Edep_e+_LeptsDissocNeutr , Edep_e+_LeptsElastic , Edep_e+_LeptsElectronicExcitation , Edep_e+_LeptsExcitRotat , Edep_e+_LeptsExcitVibrat , Edep_e+_LeptsIonisationD , Edep_e+_LeptsIonisationK , Edep_e+_LeptsIonisationS , Edep_e+_LeptsPositronium , Edep_e-_LeptsAttachment , Edep_e-_LeptsElastic , Edep_e-_LeptsElectronicExcitation , Edep_e-_LeptsExcitRotat , Edep_e-_LeptsIonisationD , Edep_e-_LeptsIonisationK , Edep_e-_LeptsIonisationS , Edep_e-_LeptsThermalisation , Edep_phot , Nproc_ , Nproc_#1_NoPrimaries , Nproc_#2_Edep(MeV) , Nproc_#3_Volume(mm3) , Nproc_#4_Mass(g) , Nproc_#5_Dose(Gy) , Nproc_#6_Charge(Coulomb) , Nproc_#7_NoIonisations , Nproc_Rayl , Nproc_Transportation , Nproc_compt , Nproc_conv , Nproc_e+_LeptsAnnihilation , Nproc_e+_LeptsDissocNeutr , Nproc_e+_LeptsElastic , Nproc_e+_LeptsElectronicExcitation , Nproc_e+_LeptsExcitRotat , Nproc_e+_LeptsExcitVibrat , Nproc_e+_LeptsIonisationD , Nproc_e+_LeptsIonisationK , Nproc_e+_LeptsIonisationS , Nproc_e+_LeptsPositronium , Nproc_e-_LeptsAttachment , Nproc_e-_LeptsElastic , Nproc_e-_LeptsElectronicExcitation , Nproc_e-_LeptsExcitRotat , Nproc_e-_LeptsIonisationD , Nproc_e-_LeptsIonisationK , Nproc_e-_LeptsIonisationS , Nproc_e-_LeptsThermalisation , Nproc_phot ,  ,  ,  ,  ,  ,  ,  ,  ,  ,  ,  ,  ,  ,  ,  ,  ,  ,  ,  ,  ,  ,  ,  ,  ,  ,  ,  ,  ,  ,  ,  ,  ,  ,  ,  ,  ,  ,  ,  ,  ,  , 
0 , -nan , -nan , -nan , -nan , -0.0183096 , -nan , -0.830169 , -0.128589 , -0.0973271 , -0.117048 , -0.102075 , -0.434783 , -0.102643 , -0.106152 , -0.101056 , -0.265231 , -0.00318187 , -0.00293671 , -0.00254758 , -0.0029256 , -0.00333233 , -0.00415372 , -0.00269488 , -0.00291953 , -0.0390297 , -nan , -nan , 0.0107123 , 0.00781292 , 0.00781292 , 0.0107123 , 0.0102477 , 0.0102477 , 0.0782809 , 0.00238566 , 0.00634352 , 0.155462 , 0.372247 , 0.132202 , 0.102782 , 0.121765 , 0.105181 , 0.397565 , 0.103728 , 0.109263 , 0.104157 , 0.115913 , 0.0104638 , 0.0102655 , 0.00992073 , 0.0102567 , 0.00949148 , 0.0109581 , 0.00998811 , 0.0102571 , 0.0396207 , 0 , 0 , 0 , 0 , 0 , 0 , 0 , 0 , 0 , 0 , 0 , 0 , 0 , 0 , 0 , 0 , 0 , 0 , 0 , 0 , 0 , 0 , 0 , 0 , 0 , 0 , 0 , 0 , 0 , 0 , 0 , 0 , 0 , 0 , 0 , 0 , 0 , 0 , 0 , 0 , 0 , 
# all06.root_horiz_RelError.csv ,  , Edep_ , Edep_Rayl , Edep_Transportation , Edep_compt , Edep_conv , Edep_e+_LeptsAnnihilation , Edep_e+_LeptsDissocNeutr , Edep_e+_LeptsElastic , Edep_e+_LeptsElectronicExcitation , Edep_e+_LeptsExcitRotat , Edep_e+_LeptsExcitVibrat , Edep_e+_LeptsIonisationD , Edep_e+_LeptsIonisationK , Edep_e+_LeptsIonisationS , Edep_e+_LeptsPositronium , Edep_e-_LeptsAttachment , Edep_e-_LeptsElastic , Edep_e-_LeptsElectronicExcitation , Edep_e-_LeptsExcitRotat , Edep_e-_LeptsIonisationD , Edep_e-_LeptsIonisationK , Edep_e-_LeptsIonisationS , Edep_e-_LeptsThermalisation , Edep_phot , Nproc_ , Nproc_#1_NoPrimaries , Nproc_#2_Edep(MeV) , Nproc_#3_Volume(mm3) , Nproc_#4_Mass(g) , Nproc_#5_Dose(Gy) , Nproc_#6_Charge(Coulomb) , Nproc_#7_NoIonisations , Nproc_Rayl , Nproc_Transportation , Nproc_compt , Nproc_conv , Nproc_e+_LeptsAnnihilation , Nproc_e+_LeptsDissocNeutr , Nproc_e+_LeptsElastic , Nproc_e+_LeptsElectronicExcitation , Nproc_e+_LeptsExcitRotat , Nproc_e+_LeptsExcitVibrat , Nproc_e+_LeptsIonisationD , Nproc_e+_LeptsIonisationK , Nproc_e+_LeptsIonisationS , Nproc_e+_LeptsPositronium , Nproc_e-_LeptsAttachment , Nproc_e-_LeptsElastic , Nproc_e-_LeptsElectronicExcitation , Nproc_e-_LeptsExcitRotat , Nproc_e-_LeptsIonisationD , Nproc_e-_LeptsIonisationK , Nproc_e-_LeptsIonisationS , Nproc_e-_LeptsThermalisation , Nproc_phot ,  ,  ,  ,  ,  ,  ,  ,  ,  ,  ,  ,  ,  ,  ,  ,  ,  ,  ,  ,  ,  ,  ,  ,  ,  ,  ,  ,  ,  ,  ,  ,  ,  ,  ,  ,  ,  ,  ,  ,  ,  , 
0 , -nan , -nan , -nan , -nan , -0.0205757 , -nan , -0.403523 , -0.175126 , -0.135731 , -0.153277 , -0.129525 , -0.289922 , -0.129937 , -0.125109 , -0.130845 , -0.349075 , -0.00295995 , -0.00292835 , -0.00282076 , -0.00294625 , -0.0040373 , -0.00396116 , -0.0029922 , -0.00298215 , -0.0565584 , -nan , -nan , 0.0103656 , 0.00837405 , 0.00837405 , 0.0103656 , 0.0102408 , 0.0102408 , 0.0648449 , 0.0024313 , 0.00747121 , 0.133858 , 0.277152 , 0.171646 , 0.131408 , 0.153715 , 0.127225 , 0.226985 , 0.12922 , 0.123396 , 0.128595 , 0.190368 , 0.0110005 , 0.0109921 , 0.0105593 , 0.0109913 , 0.0101984 , 0.0110155 , 0.0104982 , 0.0109956 , 0.0620464 , 0 , 0 , 0 , 0 , 0 , 0 , 0 , 0 , 0 , 0 , 0 , 0 , 0 , 0 , 0 , 0 , 0 , 0 , 0 , 0 , 0 , 0 , 0 , 0 , 0 , 0 , 0 , 0 , 0 , 0 , 0 , 0 , 0 , 0 , 0 , 0 , 0 , 0 , 0 , 0 , 0 , 
# all07.root_horiz_RelError.csv ,  , Edep_ , Edep_Rayl , Edep_Transportation , Edep_compt , Edep_conv , Edep_e+_LeptsAnnihilation , Edep_e+_LeptsDissocNeutr , Edep_e+_LeptsElastic , Edep_e+_LeptsElectronicExcitation , Edep_e+_LeptsExcitRotat , Edep_e+_LeptsExcitVibrat , Edep_e+_LeptsIonisationD , Edep_e+_LeptsIonisationK , Edep_e+_LeptsIonisationS , Edep_e+_LeptsPositronium , Edep_e-_LeptsAttachment , Edep_e-_LeptsElastic , Edep_e-_LeptsElectronicExcitation , Edep_e-_LeptsExcitRotat , Edep_e-_LeptsIonisationD , Edep_e-_LeptsIonisationK , Edep_e-_LeptsIonisationS , Edep_e-_LeptsThermalisation , Edep_phot , Nproc_ , Nproc_#1_NoPrimaries , Nproc_#2_Edep(MeV) , Nproc_#3_Volume(mm3) , Nproc_#4_Mass(g) , Nproc_#5_Dose(Gy) , Nproc_#6_Charge(Coulomb) , Nproc_#7_NoIonisations , Nproc_Rayl , Nproc_Transportation , Nproc_compt , Nproc_conv , Nproc_e+_LeptsAnnihilation , Nproc_e+_LeptsDissocNeutr , Nproc_e+_LeptsElastic , Nproc_e+_LeptsElectronicExcitation , Nproc_e+_LeptsExcitRotat , Nproc_e+_LeptsExcitVibrat , Nproc_e+_LeptsIonisationD , Nproc_e+_LeptsIonisationK , Nproc_e+_LeptsIonisationS , Nproc_e+_LeptsPositronium , Nproc_e-_LeptsAttachment , Nproc_e-_LeptsElastic , Nproc_e-_LeptsElectronicExcitation , Nproc_e-_LeptsExcitRotat , Nproc_e-_LeptsIonisationD , Nproc_e-_LeptsIonisationK , Nproc_e-_LeptsIonisationS , Nproc_e-_LeptsThermalisation , Nproc_phot ,  ,  ,  ,  ,  ,  ,  ,  ,  ,  ,  ,  ,  ,  ,  ,  ,  ,  ,  ,  ,  ,  ,  ,  ,  ,  ,  ,  ,  ,  ,  ,  ,  ,  ,  ,  ,  ,  ,  ,  ,  , 
0 , -nan , -nan , -nan , -nan , -0.0120519 , -nan , -0.88208 , -0.149179 , -0.107849 , -0.112501 , -0.10941 , -0.44615 , -0.115631 , -0.114106 , -0.108141 , -0.341884 , -0.00627342 , -0.00635947 , -0.00583069 , -0.00637428 , -0.00697089 , -0.0067751 , -0.0058444 , -0.00638975 , -0.0212106 , -nan , -nan , 0.0126175 , 0.00690199 , 0.00690199 , 0.0126175 , 0.0121882 , 0.0121882 , 0.0325603 , 0.0016564 , 0.007805 , 0.264968 , 0.34577 , 0.181085 , 0.107581 , 0.115927 , 0.109177 , 0.437157 , 0.113048 , 0.113521 , 0.107691 , 0.205384 , 0.0129073 , 0.0129959 , 0.0124553 , 0.0130027 , 0.0119771 , 0.0129104 , 0.0123999 , 0.0130235 , 0.0236029 , 0 , 0 , 0 , 0 , 0 , 0 , 0 , 0 , 0 , 0 , 0 , 0 , 0 , 0 , 0 , 0 , 0 , 0 , 0 , 0 , 0 , 0 , 0 , 0 , 0 , 0 , 0 , 0 , 0 , 0 , 0 , 0 , 0 , 0 , 0 , 0 , 0 , 0 , 0 , 0 , 0 , 
# all08.root_horiz_RelError.csv ,  , Edep_ , Edep_Rayl , Edep_Transportation , Edep_compt , Edep_conv , Edep_e+_LeptsAnnihilation , Edep_e+_LeptsDissocNeutr , Edep_e+_LeptsElastic , Edep_e+_LeptsElectronicExcitation , Edep_e+_LeptsExcitRotat , Edep_e+_LeptsExcitVibrat , Edep_e+_LeptsIonisationD , Edep_e+_LeptsIonisationK , Edep_e+_LeptsIonisationS , Edep_e+_LeptsPositronium , Edep_e-_LeptsAttachment , Edep_e-_LeptsElastic , Edep_e-_LeptsElectronicExcitation , Edep_e-_LeptsExcitRotat , Edep_e-_LeptsIonisationD , Edep_e-_LeptsIonisationK , Edep_e-_LeptsIonisationS , Edep_e-_LeptsThermalisation , Edep_phot , Nproc_ , Nproc_#1_NoPrimaries , Nproc_#2_Edep(MeV) , Nproc_#3_Volume(mm3) , Nproc_#4_Mass(g) , Nproc_#5_Dose(Gy) , Nproc_#6_Charge(Coulomb) , Nproc_#7_NoIonisations , Nproc_Rayl , Nproc_Transportation , Nproc_compt , Nproc_conv , Nproc_e+_LeptsAnnihilation , Nproc_e+_LeptsDissocNeutr , Nproc_e+_LeptsElastic , Nproc_e+_LeptsElectronicExcitation , Nproc_e+_LeptsExcitRotat , Nproc_e+_LeptsExcitVibrat , Nproc_e+_LeptsIonisationD , Nproc_e+_LeptsIonisationK , Nproc_e+_LeptsIonisationS , Nproc_e+_LeptsPositronium , Nproc_e-_LeptsAttachment , Nproc_e-_LeptsElastic , Nproc_e-_LeptsElectronicExcitation , Nproc_e-_LeptsExcitRotat , Nproc_e-_LeptsIonisationD , Nproc_e-_LeptsIonisationK , Nproc_e-_LeptsIonisationS , Nproc_e-_LeptsThermalisation , Nproc_phot ,  ,  ,  ,  ,  ,  ,  ,  ,  ,  ,  ,  ,  ,  ,  ,  ,  ,  ,  ,  ,  ,  ,  ,  ,  ,  ,  ,  ,  ,  ,  ,  ,  ,  ,  ,  ,  ,  ,  ,  ,  , 
0 , -nan , -nan , -nan , -nan , -0.00903288 , -nan , -0.948683 , -0.273446 , -0.209209 , -0.320409 , -0.209766 , -0.643534 , -0.213076 , -0.20935 , -0.210034 , -0.437845 , -0.00285136 , -0.002742 , -0.00188527 , -0.00273763 , -0.00214517 , -0.00260402 , -0.00180541 , -0.00269056 , -0.0148718 , -nan , -nan , 0.00628954 , 0.00500251 , 0.00500251 , 0.00628954 , 0.00639595 , 0.00639595 , 0.0335536 , 0.00152124 , 0.00410082 , 0.271634 , 0.948683 , 0.307831 , 0.206753 , 0.32492 , 0.210092 , 0.632586 , 0.207919 , 0.20963 , 0.210195 , 0.338938 , 0.00764471 , 0.00750449 , 0.00665042 , 0.00750244 , 0.00561572 , 0.00621468 , 0.00640993 , 0.00749647 , 0.0146394 , 0 , 0 , 0 , 0 , 0 , 0 , 0 , 0 , 0 , 0 , 0 , 0 , 0 , 0 , 0 , 0 , 0 , 0 , 0 , 0 , 0 , 0 , 0 , 0 , 0 , 0 , 0 , 0 , 0 , 0 , 0 , 0 , 0 , 0 , 0 , 0 , 0 , 0 , 0 , 0 , 0 , 
# all09.root_horiz_RelError.csv ,  , Edep_ , Edep_Rayl , Edep_Transportation , Edep_compt , Edep_conv , Edep_e+_LeptsDissocNeutr , Edep_e+_LeptsElastic , Edep_e+_LeptsElectronicExcitation , Edep_e+_LeptsExcitRotat , Edep_e+_LeptsIonisationD , Edep_e+_LeptsIonisationK , Edep_e+_LeptsIonisationS , Edep_e+_LeptsPositronium , Edep_e-_LeptsAttachment , Edep_e-_LeptsElastic , Edep_e-_LeptsElectronicExcitation , Edep_e-_LeptsExcitRotat , Edep_e-_LeptsIonisationD , Edep_e-_LeptsIonisationK , Edep_e-_LeptsIonisationS , Edep_e-_LeptsThermalisation , Edep_phot , Nproc_ , Nproc_#1_NoPrimaries , Nproc_#2_Edep(MeV) , Nproc_#3_Volume(mm3) , Nproc_#4_Mass(g) , Nproc_#5_Dose(Gy) , Nproc_#6_Charge(Coulomb) , Nproc_#7_NoIonisations , Nproc_Rayl , Nproc_Transportation , Nproc_compt , Nproc_conv , Nproc_e+_LeptsDissocNeutr , Nproc_e+_LeptsElastic , Nproc_e+_LeptsElectronicExcitation , Nproc_e+_LeptsExcitRotat , Nproc_e+_LeptsIonisationD , Nproc_e+_LeptsIonisationK , Nproc_e+_LeptsIonisationS , Nproc_e+_LeptsPositronium , Nproc_e-_LeptsAttachment , Nproc_e-_LeptsElastic , Nproc_e-_LeptsElectronicExcitation , Nproc_e-_LeptsExcitRotat , Nproc_e-_LeptsIonisationD , Nproc_e-_LeptsIonisationK , Nproc_e-_LeptsIonisationS , Nproc_e-_LeptsThermalisation , Nproc_phot ,  ,  ,  ,  ,  ,  ,  ,  ,  ,  ,  ,  ,  ,  ,  ,  ,  ,  ,  ,  ,  ,  ,  ,  ,  ,  ,  ,  ,  ,  ,  ,  ,  ,  ,  ,  ,  ,  ,  ,  ,  ,  ,  ,  ,  , 
0 , -nan , -nan , -nan , -nan , -0.00724204 , -nan , -0.331453 , -0.201646 , -0.206679 , -0.217744 , -0.230271 , -0.218922 , -0.218482 , -0.393609 , -0.00324307 , -0.00334365 , -0.00307746 , -0.00334935 , -0.00557929 , -0.00552551 , -0.00328106 , -0.0033018 , -0.017392 , -nan , -nan , 0.00950767 , 0.00561424 , 0.00561424 , 0.00950767 , 0.00842609 , 0.00842609 , 0.0248615 , 0.000644487 , 0.00379904 , 0.216874 , 0.34238 , 0.206663 , 0.19288 , 0.218491 , 0.215317 , 0.219966 , 0.2195 , 0.294833 , 0.00842249 , 0.0085393 , 0.00818836 , 0.00853357 , 0.00848275 , 0.0101729 , 0.00831867 , 0.00849353 , 0.0133977 , 0 , 0 , 0 , 0 , 0 , 0 , 0 , 0 , 0 , 0 , 0 , 0 , 0 , 0 , 0 , 0 , 0 , 0 , 0 , 0 , 0 , 0 , 0 , 0 , 0 , 0 , 0 , 0 , 0 , 0 , 0 , 0 , 0 , 0 , 0 , 0 , 0 , 0 , 0 , 0 , 0 , 0 , 0 , 0 , 0 , 
# all10.root_horiz_RelError.csv ,  , Edep_ , Edep_Rayl , Edep_Transportation , Edep_compt , Edep_conv , Edep_e+_LeptsAnnihilation , Edep_e+_LeptsDissocNeutr , Edep_e+_LeptsElastic , Edep_e+_LeptsElectronicExcitation , Edep_e+_LeptsExcitRotat , Edep_e+_LeptsExcitVibrat , Edep_e+_LeptsIonisationD , Edep_e+_LeptsIonisationK , Edep_e+_LeptsIonisationS , Edep_e+_LeptsPositronium , Edep_e-_LeptsAttachment , Edep_e-_LeptsElastic , Edep_e-_LeptsElectronicExcitation , Edep_e-_LeptsExcitRotat , Edep_e-_LeptsIonisationD , Edep_e-_LeptsIonisationK , Edep_e-_LeptsIonisationS , Edep_e-_LeptsThermalisation , Edep_phot , Nproc_ , Nproc_#1_NoPrimaries , Nproc_#2_Edep(MeV) , Nproc_#3_Volume(mm3) , Nproc_#4_Mass(g) , Nproc_#5_Dose(Gy) , Nproc_#6_Charge(Coulomb) , Nproc_#7_NoIonisations , Nproc_Rayl , Nproc_Transportation , Nproc_compt , Nproc_conv , Nproc_e+_LeptsAnnihilation , Nproc_e+_LeptsDissocNeutr , Nproc_e+_LeptsElastic , Nproc_e+_LeptsElectronicExcitation , Nproc_e+_LeptsExcitRotat , Nproc_e+_LeptsExcitVibrat , Nproc_e+_LeptsIonisationD , Nproc_e+_LeptsIonisationK , Nproc_e+_LeptsIonisationS , Nproc_e+_LeptsPositronium , Nproc_e-_LeptsAttachment , Nproc_e-_LeptsElastic , Nproc_e-_LeptsElectronicExcitation , Nproc_e-_LeptsExcitRotat , Nproc_e-_LeptsIonisationD , Nproc_e-_LeptsIonisationK , Nproc_e-_LeptsIonisationS , Nproc_e-_LeptsThermalisation , Nproc_phot ,  ,  ,  ,  ,  ,  ,  ,  ,  ,  ,  ,  ,  ,  ,  ,  ,  ,  ,  ,  ,  ,  ,  ,  ,  ,  ,  ,  ,  ,  ,  ,  ,  ,  ,  ,  ,  ,  ,  ,  ,  , 
0 , -nan , -nan , -nan , -nan , -0.00771042 , -nan , -0.93273 , -0.282663 , -0.26028 , -0.256178 , -0.267101 , -0.591146 , -0.280362 , -0.26719 , -0.268102 , -0.685862 , -0.0033284 , -0.00333488 , -0.00326933 , -0.00333412 , -0.00543588 , -0.00567661 , -0.00361042 , -0.0032762 , -0.0167395 , -nan , -nan , 0.0081433 , 0.00434507 , 0.00434507 , 0.0081433 , 0.00752101 , 0.00752101 , 0.0192508 , 0.000644697 , 0.00400283 , 0.254987 , 0.632456 , 0.295774 , 0.265387 , 0.250489 , 0.268001 , 0.66362 , 0.27583 , 0.268166 , 0.268868 , 0.351909 , 0.0075244 , 0.00753302 , 0.00729732 , 0.00752732 , 0.00746689 , 0.00928587 , 0.00749999 , 0.00749863 , 0.0152642 , 0 , 0 , 0 , 0 , 0 , 0 , 0 , 0 , 0 , 0 , 0 , 0 , 0 , 0 , 0 , 0 , 0 , 0 , 0 , 0 , 0 , 0 , 0 , 0 , 0 , 0 , 0 , 0 , 0 , 0 , 0 , 0 , 0 , 0 , 0 , 0 , 0 , 0 , 0 , 0 , 0 , 
# all11.root_horiz_RelError.csv ,  , Edep_ , Edep_Rayl , Edep_Transportation , Edep_compt , Edep_conv , Edep_e+_LeptsAnnihilation , Edep_e+_LeptsDissocNeutr , Edep_e+_LeptsElastic , Edep_e+_LeptsElectronicExcitation , Edep_e+_LeptsExcitRotat , Edep_e+_LeptsExcitVibrat , Edep_e+_LeptsIonisationD , Edep_e+_LeptsIonisationK , Edep_e+_LeptsIonisationS , Edep_e+_LeptsPositronium , Edep_e-_LeptsAttachment , Edep_e-_LeptsElastic , Edep_e-_LeptsElectronicExcitation , Edep_e-_LeptsExcitRotat , Edep_e-_LeptsIonisationD , Edep_e-_LeptsIonisationK , Edep_e-_LeptsIonisationS , Edep_e-_LeptsThermalisation , Edep_phot , Nproc_ , Nproc_#1_NoPrimaries , Nproc_#2_Edep(MeV) , Nproc_#3_Volume(mm3) , Nproc_#4_Mass(g) , Nproc_#5_Dose(Gy) , Nproc_#6_Charge(Coulomb) , Nproc_#7_NoIonisations , Nproc_Rayl , Nproc_Transportation , Nproc_compt , Nproc_conv , Nproc_e+_LeptsAnnihilation , Nproc_e+_LeptsDissocNeutr , Nproc_e+_LeptsElastic , Nproc_e+_LeptsElectronicExcitation , Nproc_e+_LeptsExcitRotat , Nproc_e+_LeptsExcitVibrat , Nproc_e+_LeptsIonisationD , Nproc_e+_LeptsIonisationK , Nproc_e+_LeptsIonisationS , Nproc_e+_LeptsPositronium , Nproc_e-_LeptsAttachment , Nproc_e-_LeptsElastic , Nproc_e-_LeptsElectronicExcitation , Nproc_e-_LeptsExcitRotat , Nproc_e-_LeptsIonisationD , Nproc_e-_LeptsIonisationK , Nproc_e-_LeptsIonisationS , Nproc_e-_LeptsThermalisation , Nproc_phot ,  ,  ,  ,  ,  ,  ,  ,  ,  ,  ,  ,  ,  ,  ,  ,  ,  ,  ,  ,  ,  ,  ,  ,  ,  ,  ,  ,  ,  ,  ,  ,  ,  ,  ,  ,  ,  ,  ,  ,  ,  , 
0 , -nan , -nan , -nan , -nan , -0.00786254 , -nan , -0.830093 , -0.193835 , -0.199834 , -0.215067 , -0.206965 , -0.781951 , -0.221337 , -0.212676 , -0.208412 , -0.557258 , -0.00342899 , -0.00338524 , -0.0027244 , -0.00339652 , -0.00389161 , -0.00346197 , -0.00256802 , -0.003437 , -0.0133783 , -nan , -nan , 0.00757034 , 0.00541147 , 0.00541147 , 0.00757034 , 0.0073853 , 0.0073853 , 0.0141114 , 0.000854399 , 0.003131 , 0.232988 , 0.483139 , 0.194148 , 0.206982 , 0.212701 , 0.208637 , 0.72573 , 0.214653 , 0.214348 , 0.210187 , 0.291996 , 0.0082441 , 0.00827595 , 0.00757318 , 0.0082829 , 0.00696399 , 0.00679783 , 0.00725895 , 0.00828472 , 0.0147609 , 0 , 0 , 0 , 0 , 0 , 0 , 0 , 0 , 0 , 0 , 0 , 0 , 0 , 0 , 0 , 0 , 0 , 0 , 0 , 0 , 0 , 0 , 0 , 0 , 0 , 0 , 0 , 0 , 0 , 0 , 0 , 0 , 0 , 0 , 0 , 0 , 0 , 0 , 0 , 0 , 0 , 
# all12.root_horiz_RelError.csv ,  , Edep_ , Edep_Rayl , Edep_Transportation , Edep_compt , Edep_conv , Edep_e+_LeptsAnnihilation , Edep_e+_LeptsDissocNeutr , Edep_e+_LeptsElastic , Edep_e+_LeptsElectronicExcitation , Edep_e+_LeptsExcitRotat , Edep_e+_LeptsExcitVibrat , Edep_e+_LeptsIonisationD , Edep_e+_LeptsIonisationK , Edep_e+_LeptsIonisationS , Edep_e+_LeptsPositronium , Edep_e-_LeptsAttachment , Edep_e-_LeptsElastic , Edep_e-_LeptsElectronicExcitation , Edep_e-_LeptsExcitRotat , Edep_e-_LeptsIonisationD , Edep_e-_LeptsIonisationK , Edep_e-_LeptsIonisationS , Edep_e-_LeptsThermalisation , Edep_phot , Nproc_ , Nproc_#1_NoPrimaries , Nproc_#2_Edep(MeV) , Nproc_#3_Volume(mm3) , Nproc_#4_Mass(g) , Nproc_#5_Dose(Gy) , Nproc_#6_Charge(Coulomb) , Nproc_#7_NoIonisations , Nproc_Rayl , Nproc_Transportation , Nproc_compt , Nproc_conv , Nproc_e+_LeptsAnnihilation , Nproc_e+_LeptsDissocNeutr , Nproc_e+_LeptsElastic , Nproc_e+_LeptsElectronicExcitation , Nproc_e+_LeptsExcitRotat , Nproc_e+_LeptsExcitVibrat , Nproc_e+_LeptsIonisationD , Nproc_e+_LeptsIonisationK , Nproc_e+_LeptsIonisationS , Nproc_e+_LeptsPositronium , Nproc_e-_LeptsAttachment , Nproc_e-_LeptsElastic , Nproc_e-_LeptsElectronicExcitation , Nproc_e-_LeptsExcitRotat , Nproc_e-_LeptsIonisationD , Nproc_e-_LeptsIonisationK , Nproc_e-_LeptsIonisationS , Nproc_e-_LeptsThermalisation , Nproc_phot ,  ,  ,  ,  ,  ,  ,  ,  ,  ,  ,  ,  ,  ,  ,  ,  ,  ,  ,  ,  ,  ,  ,  ,  ,  ,  ,  ,  ,  ,  ,  ,  ,  ,  ,  ,  ,  ,  ,  ,  ,  , 
0 , -nan , -nan , -nan , -nan , -0.0084308 , -nan , -0.721613 , -0.391771 , -0.269434 , -0.34808 , -0.266705 , -0.635724 , -0.26872 , -0.274301 , -0.262253 , -0.452213 , -0.00337538 , -0.00333072 , -0.0033372 , -0.00332513 , -0.00517243 , -0.00419812 , -0.00347617 , -0.00334319 , -0.0187169 , -nan , -nan , 0.00840683 , 0.00478029 , 0.00478029 , 0.00840683 , 0.00781351 , 0.00781351 , 0.0176107 , 0.00101319 , 0.00415355 , 0.19003 , 0.63248 , 0.375936 , 0.262269 , 0.360433 , 0.267858 , 0.64926 , 0.267159 , 0.276087 , 0.26355 , 0.352243 , 0.00771152 , 0.00764806 , 0.00767913 , 0.00764993 , 0.00797874 , 0.00848041 , 0.00781868 , 0.00765223 , 0.0164015 , 0 , 0 , 0 , 0 , 0 , 0 , 0 , 0 , 0 , 0 , 0 , 0 , 0 , 0 , 0 , 0 , 0 , 0 , 0 , 0 , 0 , 0 , 0 , 0 , 0 , 0 , 0 , 0 , 0 , 0 , 0 , 0 , 0 , 0 , 0 , 0 , 0 , 0 , 0 , 0 , 0 , 
# all13.root_horiz_RelError.csv ,  , Edep_ , Edep_Rayl , Edep_Transportation , Edep_compt , Edep_conv , Edep_e+_LeptsAnnihilation , Edep_e+_LeptsDissocNeutr , Edep_e+_LeptsElastic , Edep_e+_LeptsElectronicExcitation , Edep_e+_LeptsExcitRotat , Edep_e+_LeptsExcitVibrat , Edep_e+_LeptsIonisationD , Edep_e+_LeptsIonisationK , Edep_e+_LeptsIonisationS , Edep_e+_LeptsPositronium , Edep_e-_LeptsAttachment , Edep_e-_LeptsElastic , Edep_e-_LeptsElectronicExcitation , Edep_e-_LeptsExcitRotat , Edep_e-_LeptsIonisationD , Edep_e-_LeptsIonisationK , Edep_e-_LeptsIonisationS , Edep_e-_LeptsThermalisation , Edep_phot , Nproc_ , Nproc_#1_NoPrimaries , Nproc_#2_Edep(MeV) , Nproc_#3_Volume(mm3) , Nproc_#4_Mass(g) , Nproc_#5_Dose(Gy) , Nproc_#6_Charge(Coulomb) , Nproc_#7_NoIonisations , Nproc_Rayl , Nproc_Transportation , Nproc_compt , Nproc_conv , Nproc_e+_LeptsAnnihilation , Nproc_e+_LeptsDissocNeutr , Nproc_e+_LeptsElastic , Nproc_e+_LeptsElectronicExcitation , Nproc_e+_LeptsExcitRotat , Nproc_e+_LeptsExcitVibrat , Nproc_e+_LeptsIonisationD , Nproc_e+_LeptsIonisationK , Nproc_e+_LeptsIonisationS , Nproc_e+_LeptsPositronium , Nproc_e-_LeptsAttachment , Nproc_e-_LeptsElastic , Nproc_e-_LeptsElectronicExcitation , Nproc_e-_LeptsExcitRotat , Nproc_e-_LeptsIonisationD , Nproc_e-_LeptsIonisationK , Nproc_e-_LeptsIonisationS , Nproc_e-_LeptsThermalisation , Nproc_phot ,  ,  ,  ,  ,  ,  ,  ,  ,  ,  ,  ,  ,  ,  ,  ,  ,  ,  ,  ,  ,  ,  ,  ,  ,  ,  ,  ,  ,  ,  ,  ,  ,  ,  ,  ,  ,  ,  ,  ,  ,  , 
0 , -nan , -nan , -nan , -nan , -0.0109788 , -nan , -0.831734 , -0.383797 , -0.345168 , -0.336026 , -0.372164 , -0.942809 , -0.393531 , -0.392304 , -0.363764 , -0.553568 , -0.0042445 , -0.00401768 , -0.00386967 , -0.00406976 , -0.00629732 , -0.00571064 , -0.00392104 , -0.00410319 , -0.0117472 , -nan , -nan , 0.0100659 , 0.00612706 , 0.00612706 , 0.0100659 , 0.00919596 , 0.00919596 , 0.0217094 , 0.00080297 , 0.00305748 , 0.39923 , 0.623851 , 0.419956 , 0.349092 , 0.340255 , 0.380327 , 0.942809 , 0.379525 , 0.400343 , 0.371736 , 0.512513 , 0.00974265 , 0.00967216 , 0.00922409 , 0.00968971 , 0.00943536 , 0.0102703 , 0.00903354 , 0.0097206 , 0.0131061 , 0 , 0 , 0 , 0 , 0 , 0 , 0 , 0 , 0 , 0 , 0 , 0 , 0 , 0 , 0 , 0 , 0 , 0 , 0 , 0 , 0 , 0 , 0 , 0 , 0 , 0 , 0 , 0 , 0 , 0 , 0 , 0 , 0 , 0 , 0 , 0 , 0 , 0 , 0 , 0 , 0 , 
# all14.root_horiz_RelError.csv ,  , Edep_ , Edep_Rayl , Edep_Transportation , Edep_compt , Edep_conv , Edep_e+_LeptsDissocNeutr , Edep_e+_LeptsElastic , Edep_e+_LeptsElectronicExcitation , Edep_e+_LeptsExcitRotat , Edep_e+_LeptsIonisationD , Edep_e+_LeptsIonisationK , Edep_e+_LeptsIonisationS , Edep_e+_LeptsPositronium , Edep_e-_LeptsAttachment , Edep_e-_LeptsElastic , Edep_e-_LeptsElectronicExcitation , Edep_e-_LeptsExcitRotat , Edep_e-_LeptsIonisationD , Edep_e-_LeptsIonisationK , Edep_e-_LeptsIonisationS , Edep_e-_LeptsThermalisation , Edep_phot , Nproc_ , Nproc_#1_NoPrimaries , Nproc_#2_Edep(MeV) , Nproc_#3_Volume(mm3) , Nproc_#4_Mass(g) , Nproc_#5_Dose(Gy) , Nproc_#6_Charge(Coulomb) , Nproc_#7_NoIonisations , Nproc_Rayl , Nproc_Transportation , Nproc_compt , Nproc_conv , Nproc_e+_LeptsDissocNeutr , Nproc_e+_LeptsElastic , Nproc_e+_LeptsElectronicExcitation , Nproc_e+_LeptsExcitRotat , Nproc_e+_LeptsIonisationD , Nproc_e+_LeptsIonisationK , Nproc_e+_LeptsIonisationS , Nproc_e+_LeptsPositronium , Nproc_e-_LeptsAttachment , Nproc_e-_LeptsElastic , Nproc_e-_LeptsElectronicExcitation , Nproc_e-_LeptsExcitRotat , Nproc_e-_LeptsIonisationD , Nproc_e-_LeptsIonisationK , Nproc_e-_LeptsIonisationS , Nproc_e-_LeptsThermalisation , Nproc_phot ,  ,  ,  ,  ,  ,  ,  ,  ,  ,  ,  ,  ,  ,  ,  ,  ,  ,  ,  ,  ,  ,  ,  ,  ,  ,  ,  ,  ,  ,  ,  ,  ,  ,  ,  ,  ,  ,  ,  ,  ,  ,  ,  ,  ,  , 
0 , -nan , -nan , -nan , -nan , -0.0246579 , -nan , -0.226967 , -0.190308 , -0.295372 , -0.199421 , -0.201968 , -0.214146 , -0.199865 , -0.296889 , -0.0224982 , -0.0225184 , -0.0225402 , -0.0225209 , -0.0217309 , -0.0211405 , -0.0224401 , -0.0225284 , -0.0198799 , -nan , -nan , 0.00815588 , 0.0298326 , 0.0298326 , 0.00815588 , 0.007436 , 0.007436 , 0.0160298 , 0.00109473 , 0.0025839 , 0.174126 , 0.214442 , 0.200769 , 0.316996 , 0.200017 , 0.198405 , 0.213024 , 0.200768 , 0.199034 , 0.00733477 , 0.0073342 , 0.00727102 , 0.00733162 , 0.00756269 , 0.00872996 , 0.00738212 , 0.00732612 , 0.0143327 , 0 , 0 , 0 , 0 , 0 , 0 , 0 , 0 , 0 , 0 , 0 , 0 , 0 , 0 , 0 , 0 , 0 , 0 , 0 , 0 , 0 , 0 , 0 , 0 , 0 , 0 , 0 , 0 , 0 , 0 , 0 , 0 , 0 , 0 , 0 , 0 , 0 , 0 , 0 , 0 , 0 , 0 , 0 , 0 , 0 , 
,
